"relative_path","size_bytes","sha256"
"01_SOURCE_CODE/Tools/TFG/P45B/GenerateRobotVoiceClips.ps1","4009","F72BF766CE62AC8D095303959675BCEFA9D2035E82C75526309C9C730661F980"
"01_SOURCE_CODE/Tools/TFG/P46G/GenerateGlobalInstructionVoiceClips.ps1","6377","06F8740E4C6BC5D049980E1AA5543D7B3E5166A85FA7883AE405AE7A20288955"
"01_SOURCE_CODE/UnityProject/Assets/Editor.meta","172","8C125874E879C0715E2E940217BDD6FF1CACD0995A5ACFE3ED984930F543FF24"
"01_SOURCE_CODE/UnityProject/Assets/Editor/ApplyTiagoDriveDefaults.cs","1218","E5DFB27C444701E1F8710746757C88B4554A5F31705BC3CCEC0EAD38A3D6451E"
"01_SOURCE_CODE/UnityProject/Assets/Editor/ApplyTiagoDriveDefaults.cs.meta","59","F01B27797DB2EF970AD6CFF6D98D8D69534ACDFDA50CF6925FF6D2F77D2CC8D1"
"01_SOURCE_CODE/UnityProject/Assets/Editor/AsrDiagnosticsEditor.cs","8333","87D33DBC81794BA5EAC6FB5E2BAA74321F8F45720D608DD49C231976C414BC05"
"01_SOURCE_CODE/UnityProject/Assets/Editor/AsrDiagnosticsEditor.cs.meta","243","EBE085D10B780AAC7DBCAC4031527AD2DC63DAD7CBD822857C84C0297DE090AB"
"01_SOURCE_CODE/UnityProject/Assets/Editor/BoxEdgeFrameSceneCleanup.cs","2174","D239421627EEB087F2C7D2D1C188354729DF119BC93C427FC8A64F527286AAB6"
"01_SOURCE_CODE/UnityProject/Assets/Editor/BoxEdgeFrameSceneCleanup.cs.meta","59","DA9334E2C19BCA0689DA6602FB7577940F34A1C40062AE3104BD48E4480D59BA"
"01_SOURCE_CODE/UnityProject/Assets/Editor/ConvertButtonsToTMP.cs","2563","157978EE3A4B6555A422280B441A4C44F57BA8EBC53B7B210A7EEB6F38B99AB2"
"01_SOURCE_CODE/UnityProject/Assets/Editor/ConvertButtonsToTMP.cs.meta","59","89ECE33F8F22DEB9249AA0A6A3270F9886032F7AED5F4C0D5FBBAE72E526C448"
"01_SOURCE_CODE/UnityProject/Assets/Editor/CreateVRPanel.cs","3550","21EC2C478178184BBFBBE9C4B9BBF1002C16D6ACB0C93E12E4CF31CF194ED575"
"01_SOURCE_CODE/UnityProject/Assets/Editor/CreateVRPanel.cs.meta","59","CE7091F0EF6C381B4677C432C51422A086756AB881696E87B73843DAC760CC29"
"01_SOURCE_CODE/UnityProject/Assets/Editor/Experiment2x2ValidationReporter.cs","36588","FCEC6AADC510373AEF275C798CAF5E1AB2900F03A5DF804C7AC49EB33BFC3B41"
"01_SOURCE_CODE/UnityProject/Assets/Editor/Experiment2x2ValidationReporter.cs.meta","59","DF1AA2AB703F387D74CC23198BFF4080B5EC20C760DEBC653581842A086868FA"
"01_SOURCE_CODE/UnityProject/Assets/Editor/ExperimentalSceneNormalizer.cs","46737","FB8811A0CDCC3935BCA822CF13570023C167A38AAC1769455A5F2BD32A7E6B45"
"01_SOURCE_CODE/UnityProject/Assets/Editor/ExperimentalSceneNormalizer.cs.meta","59","04804942F6C3E593FCA81A456A206111DF75D8CD6CEF7243AD60146C3DE13FD1"
"01_SOURCE_CODE/UnityProject/Assets/Editor/ExperimentDataConsistencyValidatorEditor.cs","987","49B0ACFF2F34EDC6D19426085E55A56DC3D8DD89C03D3EC3624B00608448A8F5"
"01_SOURCE_CODE/UnityProject/Assets/Editor/ExperimentDataConsistencyValidatorEditor.cs.meta","59","F80A7B2F91E5EB7E2DE42C6013EC4D3B39E975ADECB040CEB0E759F81D35732A"
"01_SOURCE_CODE/UnityProject/Assets/Editor/ExperimentSessionOrchestratorEditor.cs","13387","307896B9D1306230467F6574DCC7DB261BBA6DD4D909D225221EB05D3EA61A2E"
"01_SOURCE_CODE/UnityProject/Assets/Editor/ExperimentSessionOrchestratorEditor.cs.meta","59","FE63F6609F30ED57C6479D340C438C311B0E27446616AFCF8FDCB3A7819448D7"
"01_SOURCE_CODE/UnityProject/Assets/Editor/FinalSceneConsolidationAuditUtility.cs","28012","0BB687C9E06EB46F6CF47C31377B67665B1DF1B87855D84D6982CAFABC0501C1"
"01_SOURCE_CODE/UnityProject/Assets/Editor/FinalSceneConsolidationAuditUtility.cs.meta","59","F01BFDFB81EB105574459875622C175CB33F37B727B488780C063FFF0356415E"
"01_SOURCE_CODE/UnityProject/Assets/Editor/P43ATtsSceneIntegrationUtility.cs","17167","22F116EE14DCA1ADCC89FC1FAAF64FD28809017AE930E2B7E0348A1DF7A6B09B"
"01_SOURCE_CODE/UnityProject/Assets/Editor/P43ATtsSceneIntegrationUtility.cs.meta","59","792C3C84CFD96076F75F08C3012ECEC6CC1819DCDC4F7FD08EC42CF7222B63FC"
"01_SOURCE_CODE/UnityProject/Assets/Editor/P44PilotRunReadinessUtility.cs","54575","E14F228826D444302F5D051CFA877916E55FAE3EB11271F45B5C05DC3DC022F9"
"01_SOURCE_CODE/UnityProject/Assets/Editor/P44PilotRunReadinessUtility.cs.meta","59","061A53F7E558A1A30CEF4679714B5019D3F47C20CC4CC95D91F8766B78E0CBFD"
"01_SOURCE_CODE/UnityProject/Assets/Editor/P45BRobotVoiceClipUtility.cs","3297","E2F91F416E940AA1D631313562341905C8768165D5FA2C7E01C78A04CA9B902B"
"01_SOURCE_CODE/UnityProject/Assets/Editor/P45BRobotVoiceClipUtility.cs.meta","59","A5513C6F3FAE8D4B4633F9FDBCB28B285DC27028CC26CA86E85B6CC95168E8C2"
"01_SOURCE_CODE/UnityProject/Assets/Editor/P45DQuestStandaloneBuild.cs","21393","A5D801BA42F042ADACAE6E5FB71DB94496A8F384A5107283D1A67D4E8E66214E"
"01_SOURCE_CODE/UnityProject/Assets/Editor/P45DQuestStandaloneBuild.cs.meta","243","2F812B492C135F5ED9375FAF23CF37B079BB7165B3CCB5A99D2A16E691B871FC"
"01_SOURCE_CODE/UnityProject/Assets/Editor/P45E05BSherpaAndroidPluginImportSettings.cs","2128","04A49D8D5AC7B185089B9780726DC8234D6F26F35D01EAED7F70B80E2AD761D2"
"01_SOURCE_CODE/UnityProject/Assets/Editor/P45E05BSherpaAndroidPluginImportSettings.cs.meta","59","7970AF634B47CC851260150CD1D12B7C80236A0657659ED08DE4BA5C40C5105B"
"01_SOURCE_CODE/UnityProject/Assets/Editor/P46J02CanvasTypographyAudit.cs","21563","D4B9365E13F4BF3D86910B0405B0ADBC55E4E4A8124387786319405D3D86F749"
"01_SOURCE_CODE/UnityProject/Assets/Editor/P46J02CanvasTypographyAudit.cs.meta","243","A67F202173941BCF8728E8ACA68B2A32A39F4E1DF73C0866862E1E6097FCF181"
"01_SOURCE_CODE/UnityProject/Assets/Editor/P46J03CanvasButtonPaletteAudit.cs","24654","65F67083AAF22CBEB76E01560CFD06A6A6FB8957FA049BB71DE5BEB672E91042"
"01_SOURCE_CODE/UnityProject/Assets/Editor/P46J03CanvasButtonPaletteAudit.cs.meta","243","1F7A5D017F86E53B9EFCACC3BE2ACFB395A30C13CFE1D16AF68E4118D6FDBBA7"
"01_SOURCE_CODE/UnityProject/Assets/Editor/P46J04HistoryTableAlignmentAudit.cs","10534","69C503DD73571E6267FCE8A9C36CA21BA0EA45385E461AE445D3D6D83E1DE206"
"01_SOURCE_CODE/UnityProject/Assets/Editor/P46J04HistoryTableAlignmentAudit.cs.meta","60","A10E12BB2388BA1C7D2F7B613AF848D19FEDC4D6D752B36C69F4337E784D1D30"
"01_SOURCE_CODE/UnityProject/Assets/Editor/P46M01VoiceBootstrapAudit.cs","11386","12BD4524694BE97FB89D24D9EF4B21E6495C2B012E0D4B5A8A9274D7B450DE4E"
"01_SOURCE_CODE/UnityProject/Assets/Editor/P46M01VoiceBootstrapAudit.cs.meta","243","20FC93A68769E25BB8948DDFC2FE9F0A254BE73FE17C01B5BABE09615D6949C8"
"01_SOURCE_CODE/UnityProject/Assets/Editor/PrintTiagoHierarchy.cs","1604","1567B458D7732B574F3DF0C55000636E0CEBC825E91A078C7A513487EE18F9D4"
"01_SOURCE_CODE/UnityProject/Assets/Editor/PrintTiagoHierarchy.cs.meta","60","9CAB9EAA58D02869A91FCB79185FF2F9DBABB8C9ADB10C3FE4518DE8F8EA1D14"
"01_SOURCE_CODE/UnityProject/Assets/Editor/SceneAuditExporter.cs","60718","BD025ACDB61145452363D74924622804206DF7A63128BE2FE58FE3008C46F36A"
"01_SOURCE_CODE/UnityProject/Assets/Editor/SceneAuditExporter.cs.meta","59","5AD563CF2CA3AD5C54FCBF5AF0CF7703E8BC8519B39A5898C4B34DA5BF5F0926"
"01_SOURCE_CODE/UnityProject/Assets/Editor/StructuredTtsFeedbackSinkEditor.cs","15204","8FF7BA95AFF1E3344676D002BE2C50237262F73145E9090D4A1209788D062D26"
"01_SOURCE_CODE/UnityProject/Assets/Editor/StructuredTtsFeedbackSinkEditor.cs.meta","59","206FADDA017D9A223E716630CCF93E9ED6DFCAA58377BA425D330476015EB342"
"01_SOURCE_CODE/UnityProject/Assets/Editor/TiagoCleanup.cs","1235","CA3A0F6954961F3C51206D412CE30A2D7D65576B0C037641A8CBC519DAD795EE"
"01_SOURCE_CODE/UnityProject/Assets/Editor/TiagoCleanup.cs.meta","59","E5209246EDABFB1CF542677E7381BD8BE852263048DE5F19940E1848D9270E89"
"01_SOURCE_CODE/UnityProject/Assets/Editor/TiagoMassProfileEditor.cs","2205","7139425F50352141AEC5CD0D555DAD03D923CF0E052FE046F6FE269A5ECC6FBB"
"01_SOURCE_CODE/UnityProject/Assets/Editor/TiagoMassProfileEditor.cs.meta","59","7390B63A8B5765AB15C1231BF04D6E193AFCDDCBF5D88705043B91BA0473C404"
"01_SOURCE_CODE/UnityProject/Assets/InputSystem_Actions.inputactions","41023","E1A275CD8885D7B569901924B4C8CD91382BCBBD38DF787E228802DEEC38FA20"
"01_SOURCE_CODE/UnityProject/Assets/InputSystem_Actions.inputactions.meta","376","3B4E424A80F5B4FA76B6ABD774884A24285EAA61F22FF9BB20E5AD505FD8B569"
"01_SOURCE_CODE/UnityProject/Assets/InputSystem.inputsettings.asset","1088","600CBB31485DDAC0B1ED9B013D7916ED81C504B0C60252D61D888C305D89D532"
"01_SOURCE_CODE/UnityProject/Assets/InputSystem.inputsettings.asset.meta","189","710B88CBA7B08EC1726E8248341350152C83D96F5DCB18BDED45252648900E89"
"01_SOURCE_CODE/UnityProject/Assets/MyMaterials.meta","172","B4A9C453BED624AEA557D0818525F6F2FCE3E377CFF2E59CAF273A987D4AED9E"
"01_SOURCE_CODE/UnityProject/Assets/MyMaterials/Blue.mat","3702","280A4187F83D92E296125E88220D4E0D2153751D6631A938D7B291A7EE66EA3A"
"01_SOURCE_CODE/UnityProject/Assets/MyMaterials/Blue.mat.meta","188","1F0AE40BFE1300F6CF07EB6567D55409DC7D5F7B26DB08AA92319FC52A3EC2D9"
"01_SOURCE_CODE/UnityProject/Assets/MyMaterials/BoxBorderA.mat","3818","5A3C665218AB4F2824C28DD023C1594499DBEADC70D5A85CECFA5EB95242FBB1"
"01_SOURCE_CODE/UnityProject/Assets/MyMaterials/BoxBorderA.mat.meta","188","2FB92F28F46AFF0F591FBAF95683CF74D99ADAC66E505F8137AB1ADF93E2F4E6"
"01_SOURCE_CODE/UnityProject/Assets/MyMaterials/BoxBorderB.mat","3936","F5C4C457EBB518D8999A49DA9C037E141E3D563174379EEC3B951E22EDCA8592"
"01_SOURCE_CODE/UnityProject/Assets/MyMaterials/BoxBorderB.mat.meta","188","FD4C41682EB89CBEDE030C4770E1CDA0DC16DD664E5AD4C77445773A8FD3E2D7"
"01_SOURCE_CODE/UnityProject/Assets/MyMaterials/BoxBorderC.mat","3859","55A6FBA2649C4B8B566746335D15C4D4A87233B4EEF63F1F0EE8BFAA5A616BFB"
"01_SOURCE_CODE/UnityProject/Assets/MyMaterials/BoxBorderC.mat.meta","188","1BBF04EC4AE62A8AEF69A053DAA848C7E06D326112190A21331EF25548173572"
"01_SOURCE_CODE/UnityProject/Assets/MyMaterials/BoxEdgeDarkGray.mat","3729","1CFB11FF0E2559947AE8E329A32D199477BA4EC8DA4263FF02E0C95AA15844F8"
"01_SOURCE_CODE/UnityProject/Assets/MyMaterials/BoxEdgeDarkGray.mat.meta","188","4F61F9570FB6A64CBADC247DFD0FAF35F2B4387DB835114B628EAF7A41555202"
"01_SOURCE_CODE/UnityProject/Assets/MyMaterials/Brown.mat","3736","14846914D7BA48F4A2B085E12FBC634AD6AD80F7A5DADF3E574050E6084F4D45"
"01_SOURCE_CODE/UnityProject/Assets/MyMaterials/Brown.mat.meta","188","8775F158CCC07891BD7BE9633CB46CAB59C7E41B9D7CD6478A98EFA3D59B3312"
"01_SOURCE_CODE/UnityProject/Assets/MyMaterials/Caterpillar_Yellow.mat","3748","61B506B4DFF4793BB1833827E2BCFCE5CD21452A6F33AE4AD6B7E89C845EBAA3"
"01_SOURCE_CODE/UnityProject/Assets/MyMaterials/Caterpillar_Yellow.mat.meta","188","673C86AB398AE40B5788EB7928DEFB05937F218BFE9CF1C67BDCA11F8661EDD3"
"01_SOURCE_CODE/UnityProject/Assets/MyMaterials/Green.mat","3703","BFCC1680DA2FDB08EFFC64507D52089524B31ECAE421CDF14EE9D89857CEA70E"
"01_SOURCE_CODE/UnityProject/Assets/MyMaterials/Green.mat.meta","188","6ACF767063DFB8CB698A6B70F0A12C590A05153D3F84CE522B900A9C7AFFC663"
"01_SOURCE_CODE/UnityProject/Assets/MyMaterials/Magenta.mat","3736","DC52C5B1AEF8D042ABC00E87E88E7A0602E5A66D239FA1904BB4CE669B54BA53"
"01_SOURCE_CODE/UnityProject/Assets/MyMaterials/Magenta.mat.meta","188","FD109DB641FDA3917473B366C725D6EA615A43F9ABFB48DE15DBDD49B2DECD17"
"01_SOURCE_CODE/UnityProject/Assets/MyMaterials/Mat_Box_A_Deposited.mat","3751","969190878950D14301E04247D20BCED030795D6C02A1BA906D730B0F52306049"
"01_SOURCE_CODE/UnityProject/Assets/MyMaterials/Mat_Box_A_Deposited.mat.meta","188","DCBF01F5F9723122F93B1DA368D07CF4C38D3A379C15CC75241C87D66B7FC450"
"01_SOURCE_CODE/UnityProject/Assets/MyMaterials/Mat_Box_B_Deposited.mat","3754","4530976B46B23E56CCA26FE3E8C27E0DB5BD627F50394C2938C3E2BE305D68DD"
"01_SOURCE_CODE/UnityProject/Assets/MyMaterials/Mat_Box_B_Deposited.mat.meta","188","15FB393DA258CFE936B16CFCD2312248B1B9F1A956A0B5769EFA7CE95FF99243"
"01_SOURCE_CODE/UnityProject/Assets/MyMaterials/Mat_Box_C_Deposited.mat","3750","FA7AEB6BCBF6964DBA609746A6622B0F59FFC4C20813D53BF1E6D6896E3FFAB1"
"01_SOURCE_CODE/UnityProject/Assets/MyMaterials/Mat_Box_C_Deposited.mat.meta","188","3971F12B15240BF1E6F80986FB94B8FC64A132F9E79B653F7925091E56F03FDC"
"01_SOURCE_CODE/UnityProject/Assets/MyMaterials/NavyBlueShelf.mat","3744","627E9993B14BE8BE2DC35729FA170156AA8F666304C2CE57B5363E856A2783C7"
"01_SOURCE_CODE/UnityProject/Assets/MyMaterials/NavyBlueShelf.mat.meta","188","14CF90B7598412331B762157B77C2556A40C22E17C07C0ADA20CF170A48FE018"
"01_SOURCE_CODE/UnityProject/Assets/MyMaterials/Yellow.mat","3703","4BC3A790C92478DA4B0DE45FADF5350789DADDC7903B11554122CF1552D9E05F"
"01_SOURCE_CODE/UnityProject/Assets/MyMaterials/Yellow.mat.meta","188","DCF8AC8EDFB6323F9B60470DF588F068849FD9BD166757D03BDDE9104A683A9A"
"01_SOURCE_CODE/UnityProject/Assets/MyPrefabs.meta","172","5AE12D296FD814BF636D1D3514A0DC37EC18601B70F291C2A297E9B82ABFD9BD"
"01_SOURCE_CODE/UnityProject/Assets/MyPrefabs/CajaA.prefab","16427","F67F14F76007B040ABD3FF7C7F87D8FC369899B7B9A980226561EB5C317C3E44"
"01_SOURCE_CODE/UnityProject/Assets/MyPrefabs/CajaA.prefab.meta","154","DF0B27C7935017620E9DA8E8535E332D5DF5BE1CFB544E951A57CDAFD1A635DC"
"01_SOURCE_CODE/UnityProject/Assets/MyPrefabs/CajaB.prefab","15356","A221CFB631F698C91FCE4D140551CA14F5E83397492873E7A95BF04AD80E82C4"
"01_SOURCE_CODE/UnityProject/Assets/MyPrefabs/CajaB.prefab.meta","154","43E9D42810B2DFD0B45C963F0B4572E7592B05C0AE458ED4FC80BAF328E49CE7"
"01_SOURCE_CODE/UnityProject/Assets/MyPrefabs/CajaBase.prefab","40717","FD601751A46A3627C1E6704A6F1A38FD1274236CC78CFE87CD16EB397D455685"
"01_SOURCE_CODE/UnityProject/Assets/MyPrefabs/CajaBase.prefab.meta","154","123DB7A24DFD4FB9515AC8627FBD1E10D0B089FA653ECE7A1FF575C652B4C63B"
"01_SOURCE_CODE/UnityProject/Assets/MyPrefabs/CajaC.prefab","15353","5E6EA666EE87BE824A9A6AD303B03C85F5C1E7747BAF9094A7B7693F9B48E7C7"
"01_SOURCE_CODE/UnityProject/Assets/MyPrefabs/CajaC.prefab.meta","154","D4405ED1E91CE55C08B5446245F2DE9027D03A8299F2A1566985F3403C9E9372"
"01_SOURCE_CODE/UnityProject/Assets/MyPrefabs/Pallet.prefab","7366","8C538F53032C3B2A26CADF749D2113077BFAE14F54B353004872E4ACEEDFFF85"
"01_SOURCE_CODE/UnityProject/Assets/MyPrefabs/Pallet.prefab.meta","154","3F5E50B57E33A1CE3218D1BAD4DD9FBD84FBF4F47F47ACD74238BCF38B71BB90"
"01_SOURCE_CODE/UnityProject/Assets/MyShaders.meta","172","C19C00614CB0EDD26CE49162A0DF8153FD4B3A788A078415704BFE42D8C8694F"
"01_SOURCE_CODE/UnityProject/Assets/MyShaders/BoxEdgeHighlight_URP.shader","4663","260BFC106151E001FC8AA5C02ABDB5C5B348B7D3D568F3540C54DEEB10750DC8"
"01_SOURCE_CODE/UnityProject/Assets/MyShaders/BoxEdgeHighlight_URP.shader.meta","204","1FDF0CDEBC6C187661E7E0BF6FA4BEF5770ADE97F3D4D95EC0F9C62B8D7546DE"
"01_SOURCE_CODE/UnityProject/Assets/MyShaders/SG_BoxEdgeHighlight.shadergraph","81200","65C3E976DA9D512604B12955BE98627C9FCD0DABF4DB5A61D6D521591DC1BB58"
"01_SOURCE_CODE/UnityProject/Assets/MyShaders/SG_BoxEdgeHighlight.shadergraph.meta","285","F8C581E5C7B85634DDEC93FB49F33A801B643C44E7F77AC9524EF31B99821E3B"
"01_SOURCE_CODE/UnityProject/Assets/PhysicsMaterials.meta","172","EF4E64B7758BAF0FE6C3DBE28F60C82086262E807DD9D3ABC509536B55A8EE2B"
"01_SOURCE_CODE/UnityProject/Assets/PhysicsMaterials/CasterLowFriction.physicMaterial","370","903E836F1948DC8DABD7EFDC2B5691A9A4BCF542EA8D54B64F562B6056B6ACD4"
"01_SOURCE_CODE/UnityProject/Assets/PhysicsMaterials/CasterLowFriction.physicMaterial.meta","189","A5CA5A0448E5B617CCE1C8DB4B57D7A3DA56ADF7C8D485C79A9C911CD18AA2B3"
"01_SOURCE_CODE/UnityProject/Assets/PhysicsMaterials/CasterTeflon.physicMaterial","365","49CA62F711413EA6B5C7D1A9C989563A93FA620A8676E220F241CCAD27059173"
"01_SOURCE_CODE/UnityProject/Assets/PhysicsMaterials/CasterTeflon.physicMaterial.meta","189","BD2D85281743011C29D7EFEC7807A8082298ECFDD031592B5B8F646EBF972726"
"01_SOURCE_CODE/UnityProject/Assets/PhysicsMaterials/ExperimentalBoxFriction.physicMaterial","332","A075AF21C53403150D6F25373DFC680FB37A5F8573437EDE70E4335E84061EDD"
"01_SOURCE_CODE/UnityProject/Assets/PhysicsMaterials/ExperimentalBoxFriction.physicMaterial.meta","189","C69E2B59B6C632340178F1EA449A7D5D6F8427A45487F1D850C8FBE6238C39F4"
"01_SOURCE_CODE/UnityProject/Assets/PhysicsMaterials/GroundFriction.physicMaterial","363","10B741755FB50A159405C5CE3812D438A0B6FD667A4B02E2300E776BAAA660BC"
"01_SOURCE_CODE/UnityProject/Assets/PhysicsMaterials/GroundFriction.physicMaterial.meta","189","09B6AE102F191147D57FC2B529050800AA96C7F62A5539837B7457B62D302D2F"
"01_SOURCE_CODE/UnityProject/Assets/PhysicsMaterials/WheelFriction.physicMaterial","364","65ED4F187DE4489CF8640233A44A6CB5185C58E44F8CADA5EC615A0BE50A62C9"
"01_SOURCE_CODE/UnityProject/Assets/PhysicsMaterials/WheelFriction.physicMaterial.meta","189","73A2E8CAD2AF26998637D8DFC922F34A18E3AC3C56104C0588D98EF0FA54D221"
"01_SOURCE_CODE/UnityProject/Assets/Scenes.meta","172","92598EF42AEAA7813A50E780BCEE1AD6C832B257592D09FFB0E6FB6116BB703F"
"01_SOURCE_CODE/UnityProject/Assets/Scenes/experiment_start_scene.unity","788361","DF22F4E1CC6DE398E28879F851BFEC0E85568DFDE0F7B0A05A66037C73082E42"
"01_SOURCE_CODE/UnityProject/Assets/Scenes/experiment_start_scene.unity.meta","155","00D11B58AC8AF57C9FCA82CCE909E76A47853EA2266B2CAC8AE5D3C4086BE239"
"01_SOURCE_CODE/UnityProject/Assets/Scenes/final_scene.unity","782460","EF3049BBBF231D8DA4C59F8A14F2B15788C4A342FA65E8F7E871E4E58112CDBA"
"01_SOURCE_CODE/UnityProject/Assets/Scenes/final_scene.unity.meta","155","1FB79A2840F42FCBD378E7082FDC7E277E8CB92C584DC3EAF72BCCCF89463A5C"
"01_SOURCE_CODE/UnityProject/Assets/Scripts.meta","172","5D46C21C6628D096FF7FE5F1744F8D74175E03A4C6D3677E91B668C887B8D22E"
"01_SOURCE_CODE/UnityProject/Assets/Scripts/ABJogKeys.cs","1525","A1D6B1EC3C70F48192959FA3C4BC4E685A9D7539A34A8B2A5B4C52C2330CF904"
"01_SOURCE_CODE/UnityProject/Assets/Scripts/ABJogKeys.cs.meta","59","E0EC1301364B32778F6AA4108945741DF38AAFAC7FBD1A2298DE738550D49564"
"01_SOURCE_CODE/UnityProject/Assets/Scripts/ABPrismaticSetpointTest.cs","822","38409E49D9508BF637F337729BAA4C85FD55435CEC1187036E5F45FB01597DB3"
"01_SOURCE_CODE/UnityProject/Assets/Scripts/ABPrismaticSetpointTest.cs.meta","59","FFF2FEC213C4E74ACD15DC69A4021CDFAE15F4237462E0FE0D6FD4D7D6BB29A6"
"01_SOURCE_CODE/UnityProject/Assets/Scripts/Autonomy.meta","172","EC4F0E647D4A5DA3BF53CDEF11CAFE240B8D28EA6B03C6BF5BF6BC7B1CBD5A99"
"01_SOURCE_CODE/UnityProject/Assets/Scripts/Autonomy/Autonomy.asmdef","418","E22A0D6EB12BE0C9D965000AD2A51734769AAA665EF106F9F4A186482FB8E9B6"
"01_SOURCE_CODE/UnityProject/Assets/Scripts/Autonomy/Autonomy.asmdef.meta","166","AD0F3D8444B67819A72DEBD48A935F7FFB8937AA733597CB5851FB96AEFBCF51"
"01_SOURCE_CODE/UnityProject/Assets/Scripts/Autonomy/BT.meta","172","B0F7D4917518E8AF3AD859348DBA66FE1B283A4D8BB36A126F2CF699F06E14CC"
"01_SOURCE_CODE/UnityProject/Assets/Scripts/Autonomy/BT/Composition.meta","172","5D7B801F43B01FE5EFF3E6C1AD0DB372FD0410DCAC74BBA33ADAEEC7D2A44419"
"01_SOURCE_CODE/UnityProject/Assets/Scripts/Autonomy/BT/Composition/PickupTargetTreeAssembler.cs","3266","06DBD70ECC6D5F8C15DE1BEF7023AF4B916EB5EAA07EDC9788ED47D3C8CE4E17"
"01_SOURCE_CODE/UnityProject/Assets/Scripts/Autonomy/BT/Composition/PickupTargetTreeAssembler.cs.meta","59","2C9BF0C2BE3158ECE115491B78A6A868BFC28622B3CF82E229842274AE6AECE3"
"01_SOURCE_CODE/UnityProject/Assets/Scripts/Autonomy/BT/Core.meta","172","3B0BE0D2B79307F201A808B227765C0234AFB89F523F7DADB1315FBEA0B5896A"
"01_SOURCE_CODE/UnityProject/Assets/Scripts/Autonomy/BT/Core/BehaviorTreeRunner.cs","675","1FD3ACBECBC7189170500297870466605C577DC5C8D35335374D0B792415DFA0"
"01_SOURCE_CODE/UnityProject/Assets/Scripts/Autonomy/BT/Core/BehaviorTreeRunner.cs.meta","59","7B3B4DBBE36885F5167F048913DABC744B0DDD9517473EF4F7BE3A707083A1C2"
"01_SOURCE_CODE/UnityProject/Assets/Scripts/Autonomy/BT/Core/CompositeNode.cs","1287","6FEF2369719945096D5D80D85DA1829ABD75EA06BD1185DC9D53ADB5036B35F1"
"01_SOURCE_CODE/UnityProject/Assets/Scripts/Autonomy/BT/Core/CompositeNode.cs.meta","59","389ADAA76DE924A57E0EFFC748960023493DEC2EFD7BEFBC0950F0D31F0523D7"
"01_SOURCE_CODE/UnityProject/Assets/Scripts/Autonomy/BT/Core/DecoratorNode.cs","407","BA2F7D3D4AA13E05042968E83945DFAB31AB99B11EFAAAE531910227C76D8FF8"
"01_SOURCE_CODE/UnityProject/Assets/Scripts/Autonomy/BT/Core/DecoratorNode.cs.meta","59","86FA695FE8A7ECFA1BB3FE4DDC891CE3F720C48D97BA49A63E3AA1CC67A299FB"
"01_SOURCE_CODE/UnityProject/Assets/Scripts/Autonomy/BT/Core/Node.cs","167","A9F1F33323B77E7F496C57609A2372FAA37F26CAEB7CEFDF061EA12075CD5D50"
"01_SOURCE_CODE/UnityProject/Assets/Scripts/Autonomy/BT/Core/Node.cs.meta","59","787FAED70C33FEBB71FC80AE15DE8791C14F3D66E216A1E1BE7A22ED286BEE72"
"01_SOURCE_CODE/UnityProject/Assets/Scripts/Autonomy/BT/Core/NodeStatus.cs","129","5A0448C5AF39A3C355523501F681BD3440518795ED24A29A7D848F229D4843DB"
"01_SOURCE_CODE/UnityProject/Assets/Scripts/Autonomy/BT/Core/NodeStatus.cs.meta","59","14EFA3A47819A8E7145D44C29E26366E9635A79A1F0D7ABDF7559E2C5CB586BC"
"01_SOURCE_CODE/UnityProject/Assets/Scripts/Autonomy/BT/Core/Selector.cs","1183","10E55F5C083E3ACF1C66B08C2C8EA038F181DE10D07A053C42497681A0DC8C25"
"01_SOURCE_CODE/UnityProject/Assets/Scripts/Autonomy/BT/Core/Selector.cs.meta","59","D5EBF1E66D66D887D5716E7165C7A17284FBC7CEA6A3E4C0CB19D5C1DE2233F5"
"01_SOURCE_CODE/UnityProject/Assets/Scripts/Autonomy/BT/Core/Sequence.cs","1185","615F8DFA1A5CC0D825A1D24B97DFF4468E49C03DE2CBA3E92E504AD2E2A9B6DC"
"01_SOURCE_CODE/UnityProject/Assets/Scripts/Autonomy/BT/Core/Sequence.cs.meta","59","5BA28E6F6FD67439E465DB9A33DE3573AB2ACAC21B0B852B5443AB2A3D47AA5D"
"01_SOURCE_CODE/UnityProject/Assets/Scripts/Autonomy/BT/Nodes.meta","172","B4CACFC31CCDAB5901582B90D44532BB34B2AAED97FDB7ED132B7C674505EBD5"
"01_SOURCE_CODE/UnityProject/Assets/Scripts/Autonomy/BT/Nodes/Actions.meta","172","31FB32BB18EC2E35FFEEB6532C0EDD62D4004A1B8D637EB30B79CABEF29CEF32"
"01_SOURCE_CODE/UnityProject/Assets/Scripts/Autonomy/BT/Nodes/Actions/ClearPlaceTargetAction.cs","655","C7A8056DBFC95397E90391ACA833982EC28B82B0DD711BCD6E9DAD9BB37D1788"
"01_SOURCE_CODE/UnityProject/Assets/Scripts/Autonomy/BT/Nodes/Actions/ClearPlaceTargetAction.cs.meta","59","137DE6749FC6C687342740266B56F24D179452B5FA7883AA597592B47C47C20F"
"01_SOURCE_CODE/UnityProject/Assets/Scripts/Autonomy/BT/Nodes/Actions/ClearTargetAction.cs","1129","005B424CE97B211A856BBAF2311A00E0B0248FFF1C5A70C404FABF359E60186D"
"01_SOURCE_CODE/UnityProject/Assets/Scripts/Autonomy/BT/Nodes/Actions/ClearTargetAction.cs.meta","59","982F023AE705332FF4130C62CE54B8971029719E6B90FA403CD7426EEB60880A"
"01_SOURCE_CODE/UnityProject/Assets/Scripts/Autonomy/BT/Nodes/Actions/LogBtEventAction.cs","940","F5D2440035908AAA5190CC6845C038E5BE40423F46C848292CEA86CAA8EC4EB2"
"01_SOURCE_CODE/UnityProject/Assets/Scripts/Autonomy/BT/Nodes/Actions/LogBtEventAction.cs.meta","59","8DAF87D5FF07EDB6F5ABDEC4237F128E135096AE34C7A1819C12DC71C7BC7415"
"01_SOURCE_CODE/UnityProject/Assets/Scripts/Autonomy/BT/Nodes/Actions/MarkTaskInProgressAction.cs","634","DD0D03A37D9016575DF616A7E5EC6FF1BB18C03B48C35EA9511352C7382B04CD"
"01_SOURCE_CODE/UnityProject/Assets/Scripts/Autonomy/BT/Nodes/Actions/MarkTaskInProgressAction.cs.meta","59","06D82F6FE5C76C93C29F3572B5FE10D26B3E34BF00C8D5E862F9D29611AD8D21"
"01_SOURCE_CODE/UnityProject/Assets/Scripts/Autonomy/BT/Nodes/Actions/MarkTaskSucceededAction.cs","1006","7254EEC35381271C0BFDB8F5AC652BAEBA05EB954183DDDBCFEDBE3D1642B16A"
"01_SOURCE_CODE/UnityProject/Assets/Scripts/Autonomy/BT/Nodes/Actions/MarkTaskSucceededAction.cs.meta","59","DA195EDE3BD2485E4EBB6401BB6E79540CF6770D727843B07C275E1A70D3061D"
"01_SOURCE_CODE/UnityProject/Assets/Scripts/Autonomy/BT/Nodes/Actions/NavigateToBlackboardTargetAction.cs","5208","462A35E2DC83D043193A9BB728B318E92F97187400F439FF4C20179800D90E09"
"01_SOURCE_CODE/UnityProject/Assets/Scripts/Autonomy/BT/Nodes/Actions/NavigateToBlackboardTargetAction.cs.meta","59","1B57BDF0D82C6EFE034986A243092DF3D17E05285C431472AD0E41DB90095034"
"01_SOURCE_CODE/UnityProject/Assets/Scripts/Autonomy/BT/Nodes/Actions/NavigateToTargetAction.cs","1117","13DC2F7C8BB9F6859AE1819B5E95BAF36BDED8CD19DA0374AEE1097BEC9A14BC"
"01_SOURCE_CODE/UnityProject/Assets/Scripts/Autonomy/BT/Nodes/Actions/NavigateToTargetAction.cs.meta","59","455881C550E9605DF0B6A5D26CC9D7671E9172A160FCA1D1D0D7BC195E3D3712"
"01_SOURCE_CODE/UnityProject/Assets/Scripts/Autonomy/BT/Nodes/Actions/PickUpTargetAction.cs","1469","9FF18ADE4C24E39B3BCD70C95432E38AD88B8998CA50D9FD936B7628A0B2D114"
"01_SOURCE_CODE/UnityProject/Assets/Scripts/Autonomy/BT/Nodes/Actions/PickUpTargetAction.cs.meta","59","FC3080BF428CF5C19BF8597DDA6793BBE16436A9B185B9BBC4614B61DA2552EC"
"01_SOURCE_CODE/UnityProject/Assets/Scripts/Autonomy/BT/Nodes/Actions/PlaceTargetAction.cs","1042","76E8D512AD10A5377FC979ACD8334A302F04AACD63653C0D3A7718B311C224E6"
"01_SOURCE_CODE/UnityProject/Assets/Scripts/Autonomy/BT/Nodes/Actions/PlaceTargetAction.cs.meta","59","C925E8BC4F12E31D22B570FD399F4A0408DAFF30EECE83A9A5E0517046F6E7B8"
"01_SOURCE_CODE/UnityProject/Assets/Scripts/Autonomy/BT/Nodes/Conditions.meta","172","4A17C6E527644CF0FEF552FEE9845282A4A2791694F979A1B386F045E36D3FD2"
"01_SOURCE_CODE/UnityProject/Assets/Scripts/Autonomy/BT/Nodes/Conditions/HasPlaceTargetCondition.cs","681","AF0D257F8CD68FB766C6DDDD4D7A69BEEA44CB92A21A8BFE9BFF37654832B4FF"
"01_SOURCE_CODE/UnityProject/Assets/Scripts/Autonomy/BT/Nodes/Conditions/HasPlaceTargetCondition.cs.meta","59","A5FB8DDA52F9ED06AD57996F700667C3D275CE27EA3AA96FAD6ADB456F75C304"
"01_SOURCE_CODE/UnityProject/Assets/Scripts/Autonomy/BT/Nodes/Conditions/HasTargetCondition.cs","957","587FBAA688E72CEB71FF38646EFD028F240C17654E1E2A9F3BC4B36AA2634857"
"01_SOURCE_CODE/UnityProject/Assets/Scripts/Autonomy/BT/Nodes/Conditions/HasTargetCondition.cs.meta","59","8F9777EB1AE6DC43AEF04B0FC686BC14A50AC3A32E35BBA8CA1DD12F7939CDFF"
"01_SOURCE_CODE/UnityProject/Assets/Scripts/Autonomy/BT/Nodes/Decorators.meta","172","A3EC4ACD3D140CA7794B86BD8F109ED74AFA8C2F4F2211B960A56EC63FCFED46"
"01_SOURCE_CODE/UnityProject/Assets/Scripts/Autonomy/BT/Nodes/Decorators/TaskOutcomeDecoratorNode.cs","1598","76AE5E5BEC7857CB67A1D14DD2DC76D22A37B6A4CC891065E64E73221F148869"
"01_SOURCE_CODE/UnityProject/Assets/Scripts/Autonomy/BT/Nodes/Decorators/TaskOutcomeDecoratorNode.cs.meta","59","DF33559CFA5140BCC4F913093EF1AECA7006EC3CED9EAEF9824DD76EDC7E27AE"
"01_SOURCE_CODE/UnityProject/Assets/Scripts/Autonomy/BT/Tests.meta","172","A9440E584A64ADF2748531572472167E5B1652AEF78C2C9CEFB67C6FAD7FF804"
"01_SOURCE_CODE/UnityProject/Assets/Scripts/Autonomy/BT/Tests/ASRAudioDiagnosticsTests.cs","3619","E7E8DF43A2596A8DB3269A861520A45FA941EF38D2431DA152CA477426C47A96"
"01_SOURCE_CODE/UnityProject/Assets/Scripts/Autonomy/BT/Tests/ASRAudioDiagnosticsTests.cs.meta","59","A84A7D874B0911F33163EA77FA61A5DAD6FA6BB332181C66DC64077ACC7CA1B4"
"01_SOURCE_CODE/UnityProject/Assets/Scripts/Autonomy/BT/Tests/ASRBackendSelectionPolicyTests.cs","5109","791FB99409C77FC853361FB3702E3F1AE11F9CFE7323792BA01BD380573FC477"
"01_SOURCE_CODE/UnityProject/Assets/Scripts/Autonomy/BT/Tests/ASRBackendSelectionPolicyTests.cs.meta","240","540C1E0603D5228C997C433250B49DF7192665F8B1C8FA7EA63CB65FB40B1307"
"01_SOURCE_CODE/UnityProject/Assets/Scripts/Autonomy/BT/Tests/AsrDiagnosticRecordTests.cs","21260","A42FBD0B79693E24EBF8C773DEB2F0E3F34118FEF8C9A873547C46C16B813BAB"
"01_SOURCE_CODE/UnityProject/Assets/Scripts/Autonomy/BT/Tests/AsrDiagnosticRecordTests.cs.meta","243","4162D29E8874944987623E11F0A153BCE88CD67DB0C02CA17CC494BF1A78BC42"
"01_SOURCE_CODE/UnityProject/Assets/Scripts/Autonomy/BT/Tests/ASRResultTests.cs","1753","B6C0C72BB1C5019510C73AEB5AF0A716D138F3C14D5EFD08293FDE6032BAC104"
"01_SOURCE_CODE/UnityProject/Assets/Scripts/Autonomy/BT/Tests/ASRResultTests.cs.meta","59","F1E83E9BC54457E9264034773C8CEFD0E98F5B3BA1C5A27899FA9DE0BDF8C516"
"01_SOURCE_CODE/UnityProject/Assets/Scripts/Autonomy/BT/Tests/Autonomy.BT.Tests.asmdef","576","4A154774776424E9B4A595BCF693E459A6D86794DD8115EE2B596C7125A574B1"
"01_SOURCE_CODE/UnityProject/Assets/Scripts/Autonomy/BT/Tests/Autonomy.BT.Tests.asmdef.meta","166","CE194D6A33080AFA277DCC3525615A9391140A231E375E5098F496B8CEB3C059"
"01_SOURCE_CODE/UnityProject/Assets/Scripts/Autonomy/BT/Tests/AutonomyNodesTests.cs","7962","9B53017D9F954CFF7D31A60689C8E0B5A0E0753BE2BA091C52120C0A497995C3"
"01_SOURCE_CODE/UnityProject/Assets/Scripts/Autonomy/BT/Tests/AutonomyNodesTests.cs.meta","59","BFA120EE1724926E6AE477F9886EC439B1B42F725BDC0CD4F4B6F1029D7F9906"
"01_SOURCE_CODE/UnityProject/Assets/Scripts/Autonomy/BT/Tests/AutonomySafetyTests.cs","4645","EB643086487A049B923AAEF9B50355FFA45DD6DC91DC05FE64A75CA6CD6F872E"
"01_SOURCE_CODE/UnityProject/Assets/Scripts/Autonomy/BT/Tests/AutonomySafetyTests.cs.meta","59","F74DEFEB85476BC38DB32A2761107804BBCBAC3CC2D686C567197A5D46A55D24"
"01_SOURCE_CODE/UnityProject/Assets/Scripts/Autonomy/BT/Tests/DepositZoneSlotAllocatorTests.cs","13060","D333B5AEB916E33220FE5FAB7361A6AA92BC68341798AB12453F3C92D559DF01"
"01_SOURCE_CODE/UnityProject/Assets/Scripts/Autonomy/BT/Tests/DepositZoneSlotAllocatorTests.cs.meta","59","2B6E3CE1FF3D3B290DF516822CB3DB2888805832C8D8A77BA0EF64FA1C03DB8F"
"01_SOURCE_CODE/UnityProject/Assets/Scripts/Autonomy/BT/Tests/ExperimentConditionAndAssistanceTests.cs","50907","C024D5BFBD46F5096E7163EEDBDB914ADD8376D6B3BB7C2300E140F7E2FD3AC3"
"01_SOURCE_CODE/UnityProject/Assets/Scripts/Autonomy/BT/Tests/ExperimentConditionAndAssistanceTests.cs.meta","59","A10864E8105A660B535D8D0402DBCAC4ED82D43CFFD7B90D836B71C2385FC051"
"01_SOURCE_CODE/UnityProject/Assets/Scripts/Autonomy/BT/Tests/ExperimentConditionOrderAssignmentStoreTests.cs","10693","F8CFD1255CE94FCC0BED786710DDE33280473652DADD04C352BE2E23DE3A2B28"
"01_SOURCE_CODE/UnityProject/Assets/Scripts/Autonomy/BT/Tests/ExperimentConditionOrderAssignmentStoreTests.cs.meta","60","5739C2DBCA6BC41C7BA28951802C3864B76025E8A52A18D9CCB066C66A106AC7"
"01_SOURCE_CODE/UnityProject/Assets/Scripts/Autonomy/BT/Tests/ExperimentDataConsistencyValidatorTests.cs","50394","E1C3E23EDFB1C31714A519D424F65045DD2994427D274E30E0D51AC0EAAB6786"
"01_SOURCE_CODE/UnityProject/Assets/Scripts/Autonomy/BT/Tests/ExperimentDataConsistencyValidatorTests.cs.meta","59","C3056F4698267CA3026E1374355ACAF5ED647B05004C4CAAB56594C67A94908C"
"01_SOURCE_CODE/UnityProject/Assets/Scripts/Autonomy/BT/Tests/ExperimentDataPathResolverTests.cs","55946","4FFC2690178D042910FA125818DBFC2A15E40F2C55FE8FCA589A848432C1955A"
"01_SOURCE_CODE/UnityProject/Assets/Scripts/Autonomy/BT/Tests/ExperimentDataPathResolverTests.cs.meta","59","48DCCBBFD31EBF7FBA344EBE9FADD4A22602D95590F98C5B9167740B4880C26B"
"01_SOURCE_CODE/UnityProject/Assets/Scripts/Autonomy/BT/Tests/ExperimentGlobalInstructionsAndFinalCodeTests.cs","12989","ACDB8BBC54DB28672012EF19C4C7D8AD3B99B0B139C0F456CA148202AEC02023"
"01_SOURCE_CODE/UnityProject/Assets/Scripts/Autonomy/BT/Tests/ExperimentGlobalInstructionsAndFinalCodeTests.cs.meta","243","0D8CEBC5998521F166AFA846982259366FC80014169C34DB1E84617B0E55C18D"
"01_SOURCE_CODE/UnityProject/Assets/Scripts/Autonomy/BT/Tests/ExperimentHistoryTableLayoutTests.cs","6582","2B7BFD96689B8AA53736D10225F29678F7D4F7D49C142241D8E8A4072BAB16FA"
"01_SOURCE_CODE/UnityProject/Assets/Scripts/Autonomy/BT/Tests/ExperimentHistoryTableLayoutTests.cs.meta","60","09E4D0D195B8F95868799660B8E97AEBDEE5061814EF4EE79FC1598A89F410AC"
"01_SOURCE_CODE/UnityProject/Assets/Scripts/Autonomy/BT/Tests/ExperimentPauseMenuStateMachineTests.cs","49642","6411B14DD66995693F145CF637459E14D7CB5324C26CBCD3FCE8F97EA7AE0108"
"01_SOURCE_CODE/UnityProject/Assets/Scripts/Autonomy/BT/Tests/ExperimentPauseMenuStateMachineTests.cs.meta","59","932E590D625249F7D3835E870687D543DBD4790D176A8A9D50235F4EB2E537C3"
"01_SOURCE_CODE/UnityProject/Assets/Scripts/Autonomy/BT/Tests/ExperimentRuntimeMetadataResolverTests.cs","2889","E86820B4C6C0C6D0500B1325DBB1639E3AA435C760046B677FDC53ED725A8549"
"01_SOURCE_CODE/UnityProject/Assets/Scripts/Autonomy/BT/Tests/ExperimentRuntimeMetadataResolverTests.cs.meta","59","99DC68EA99720D420701CFBCE07C7A78A358C5FB890A6847F8E39ABA6D113071"
"01_SOURCE_CODE/UnityProject/Assets/Scripts/Autonomy/BT/Tests/ExperimentRuntimePauseCoordinatorTests.cs","6185","623220D88DA36468114F29FF362270B73D9A04BFA10797E9BEBC1B89EDA4D0DA"
"01_SOURCE_CODE/UnityProject/Assets/Scripts/Autonomy/BT/Tests/ExperimentRuntimePauseCoordinatorTests.cs.meta","60","3693445F2425511758726729CDDDCE9A6C7EEAC4B3E8DC745C54D65BF0F828BF"
"01_SOURCE_CODE/UnityProject/Assets/Scripts/Autonomy/BT/Tests/ExperimentSavedExitConditionOrderTests.cs","20132","ABF0121A68D1EAC2967189184D43D7BCD61BAD4FD9C51CED4AE9C1AE6E729B23"
"01_SOURCE_CODE/UnityProject/Assets/Scripts/Autonomy/BT/Tests/ExperimentSavedExitConditionOrderTests.cs.meta","240","000E00510183E1D70A6E8B3CD979A19F4C454665C3D61164E9733024A2DF6630"
"01_SOURCE_CODE/UnityProject/Assets/Scripts/Autonomy/BT/Tests/ExperimentSessionIdHistoryStoreTests.cs","35749","E3C3A04D9B0E241C8C32A7BB475D3A3BADB169E76CE3119EC00CE26911D8328E"
"01_SOURCE_CODE/UnityProject/Assets/Scripts/Autonomy/BT/Tests/ExperimentSessionIdHistoryStoreTests.cs.meta","59","C39B10D86DEE898919F0C96A278E220FEDDC9298FBAD9E939DD0A1ECC31203FC"
"01_SOURCE_CODE/UnityProject/Assets/Scripts/Autonomy/BT/Tests/ExperimentSessionIndexWriterTests.cs","17768","3904B90C789DAB4910A6B997AB9E45DDE3B66421BBC471939B757933190FB41F"
"01_SOURCE_CODE/UnityProject/Assets/Scripts/Autonomy/BT/Tests/ExperimentSessionIndexWriterTests.cs.meta","59","3A9826F2406B2F698D7A85F3298B49AA96037814213A58498CE1EC7C47D07824"
"01_SOURCE_CODE/UnityProject/Assets/Scripts/Autonomy/BT/Tests/ExperimentSimulationPauseAuthorityTests.cs","4588","AB60C2D5B34B7C9D634ACBC2A1DC421A58F9307B6DCDB2BA9E6A06A63502FC4A"
"01_SOURCE_CODE/UnityProject/Assets/Scripts/Autonomy/BT/Tests/ExperimentSimulationPauseAuthorityTests.cs.meta","60","6EBD011C4E9F15C3B880560A099CF93F3CE9A4C38992E457B49EF82C35F3CD11"
"01_SOURCE_CODE/UnityProject/Assets/Scripts/Autonomy/BT/Tests/ExperimentStartSceneRecenterTests.cs","7498","454820EB21D1C1E0089CB289B249533DE0C5BE5716A574C8632CEA94B3B415C8"
"01_SOURCE_CODE/UnityProject/Assets/Scripts/Autonomy/BT/Tests/ExperimentStartSceneRecenterTests.cs.meta","60","72F73F95EF9331E330DB497B67BC662C13496EFD23937AC71F6AE95327BC12A0"
"01_SOURCE_CODE/UnityProject/Assets/Scripts/Autonomy/BT/Tests/ExperimentStartSceneXrPoseAlignerTests.cs","2528","B391D956782C67817097064B96A74053CCDBC23CD8241E078A4889BD6E57DF20"
"01_SOURCE_CODE/UnityProject/Assets/Scripts/Autonomy/BT/Tests/ExperimentStartSceneXrPoseAlignerTests.cs.meta","60","5E54FE393F4E27E1A22AA1EA821D9948F8DC920996995EDEE925CB476B5712F9"
"01_SOURCE_CODE/UnityProject/Assets/Scripts/Autonomy/BT/Tests/ExperimentTrialAdvanceReconcilerTests.cs","3721","CD42EC1F5382A5278BD62E90E553D933EC1F42A5A8C88E88F4EB1DB79FCD5799"
"01_SOURCE_CODE/UnityProject/Assets/Scripts/Autonomy/BT/Tests/ExperimentTrialAdvanceReconcilerTests.cs.meta","59","77B858AB0C15E577E15F6ED67B9E25724A39BDACD321AD9194ECAD5DD903D6E2"
"01_SOURCE_CODE/UnityProject/Assets/Scripts/Autonomy/BT/Tests/ExperimentTrialMetricsAccumulatorTests.cs","5120","63F2581206226C1DB870C5192CCB9078A7C4B1FD51CCBE10A846D49A72DBE2BE"
"01_SOURCE_CODE/UnityProject/Assets/Scripts/Autonomy/BT/Tests/ExperimentTrialMetricsAccumulatorTests.cs.meta","59","B94340456D0B3EFC3F8D11C148DFFBF4D0630E7169B9CFE915184E1D70E2E66E"
"01_SOURCE_CODE/UnityProject/Assets/Scripts/Autonomy/BT/Tests/ExperimentXrRigAlignmentTests.cs","9160","2E7A8EF29CDCF1D9147692B689EB68E86461F6CFA39D5C12D9B4EB8C89341C80"
"01_SOURCE_CODE/UnityProject/Assets/Scripts/Autonomy/BT/Tests/ExperimentXrRigAlignmentTests.cs.meta","60","026F86DB731B804C4280A3A21D661853E983005CB508821877ABF76E13462035"
"01_SOURCE_CODE/UnityProject/Assets/Scripts/Autonomy/BT/Tests/ManualBoxGrabExclusivityStateTests.cs","2214","5E591BD5F84665EB8668BD2B2C2D27867A4135E45B9158B936582E2E8AEDA9C0"
"01_SOURCE_CODE/UnityProject/Assets/Scripts/Autonomy/BT/Tests/ManualBoxGrabExclusivityStateTests.cs.meta","243","5B6A86F8657CAAF2854CD3B29C4342C850DA0AF7FE7C1C87173EB66DDE2D9CB9"
"01_SOURCE_CODE/UnityProject/Assets/Scripts/Autonomy/BT/Tests/ManualTranscriptASRServiceTests.cs","2891","EB96E8DB0BF33FF45E9073395A91C4BEBCD01D6402A5FDA49C7211FA54B91603"
"01_SOURCE_CODE/UnityProject/Assets/Scripts/Autonomy/BT/Tests/ManualTranscriptASRServiceTests.cs.meta","59","09EDD5D6EA475BA48CE663708FC2CC0F1562DCBD4939A995BB3B89195D9A65D2"
"01_SOURCE_CODE/UnityProject/Assets/Scripts/Autonomy/BT/Tests/MultimodalTaskIntentTests.cs","1923","4A8DE984A0F48204230B3A99392A6E3A3C5CE6F7E75EDC081C81EB50BA3BA8CD"
"01_SOURCE_CODE/UnityProject/Assets/Scripts/Autonomy/BT/Tests/MultimodalTaskIntentTests.cs.meta","59","C9770B731E5F5966407402DE563DEB16048EA1C6875B273A2789BA0F46EC423A"
"01_SOURCE_CODE/UnityProject/Assets/Scripts/Autonomy/BT/Tests/P40AVoicePrePickReplacementTests.cs","88148","E8D44E5B36E5C181F940F9596D8FBE8ED6882605AF9100AE76402466777EA53B"
"01_SOURCE_CODE/UnityProject/Assets/Scripts/Autonomy/BT/Tests/P40AVoicePrePickReplacementTests.cs.meta","59","D8FBC10781F701714F748DDE157577BECEBCB022D72C87533C858DB075D37901"
"01_SOURCE_CODE/UnityProject/Assets/Scripts/Autonomy/BT/Tests/Perception.meta","172","DD57DCF3A197B8351F312B3AC49917BD077524D85B4657E69F8F4289DB7A87E2"
"01_SOURCE_CODE/UnityProject/Assets/Scripts/Autonomy/BT/Tests/Perception/PerceptionTargetSelectorTests.cs","5218","BBF2C891E8EA77A462117BBEE8422E73EC9E36029509E491AC6D8FB31CA9DCD2"
"01_SOURCE_CODE/UnityProject/Assets/Scripts/Autonomy/BT/Tests/Perception/PerceptionTargetSelectorTests.cs.meta","59","D6FE535B2D16C49B3976D05666E772AE3C366DD646350168F4B6E78C9F6B9FC3"
"01_SOURCE_CODE/UnityProject/Assets/Scripts/Autonomy/BT/Tests/PickupTargetTreeAssemblerTests.cs","8810","AF0526CC30FEA8744D5E3275D5B98CAB528668EAE0341CFE7F0015E239D1A687"
"01_SOURCE_CODE/UnityProject/Assets/Scripts/Autonomy/BT/Tests/PickupTargetTreeAssemblerTests.cs.meta","59","D834432AA628F32F4167177DEFEFB35025C8AB096AEB7ED6533CE27803C79488"
"01_SOURCE_CODE/UnityProject/Assets/Scripts/Autonomy/BT/Tests/Provisioning.meta","172","FE4EC73A2EDCACCA447363D2EDCF0BD813C320D11F8252AA30F8A60749C4539F"
"01_SOURCE_CODE/UnityProject/Assets/Scripts/Autonomy/BT/Tests/Provisioning/ManualTargetSeederTests.cs","1913","BBF0EE70D1A7937E22B48F0978B5B9C2C235782418ABB83B310730D22910A016"
"01_SOURCE_CODE/UnityProject/Assets/Scripts/Autonomy/BT/Tests/Provisioning/ManualTargetSeederTests.cs.meta","59","734ADAEA25D986924C7A33ECD0557A91E3D05A912DD5CCC1F5FC811684AD5B5A"
"01_SOURCE_CODE/UnityProject/Assets/Scripts/Autonomy/BT/Tests/RobotControllerCycleTests.cs","12670","B0F3AB510A8F300B7A7B6E281862A2206BE22643BB166D127F9D9E09A35910E4"
"01_SOURCE_CODE/UnityProject/Assets/Scripts/Autonomy/BT/Tests/RobotControllerCycleTests.cs.meta","59","4F8EDD6681A2DEED0701528F7DC606528F0E539ACAB27321E53FC1B299E1F392"
"01_SOURCE_CODE/UnityProject/Assets/Scripts/Autonomy/BT/Tests/RobotVoiceFeedbackDiagnosticRecorderTests.cs","8121","BFE51747706A2303431062A1157AAD33974B11019BC884118274BC029F98A0E7"
"01_SOURCE_CODE/UnityProject/Assets/Scripts/Autonomy/BT/Tests/RobotVoiceFeedbackDiagnosticRecorderTests.cs.meta","60","B6B78C2838ACA61A0DA9CB256CE69FE1A107C25C312E649B36A3FEB264794107"
"01_SOURCE_CODE/UnityProject/Assets/Scripts/Autonomy/BT/Tests/RobotVoiceFeedbackTemplateBuilderTests.cs","15953","23F93DEEEEBC1003F12859568999A12D9CBFB7439E6D9EE837B6E6B4B3F5BADA"
"01_SOURCE_CODE/UnityProject/Assets/Scripts/Autonomy/BT/Tests/RobotVoiceFeedbackTemplateBuilderTests.cs.meta","59","1B02913C83096D64E08DA83D967984C0FCEBECB76B744BFE431A5B98FF87CA4A"
"01_SOURCE_CODE/UnityProject/Assets/Scripts/Autonomy/BT/Tests/SherpaOnnxASRBackendTests.cs","26998","309D94D67A45BCC23A4A83307C39560986BF275C18D6E6D7E9736B7350BDFCDA"
"01_SOURCE_CODE/UnityProject/Assets/Scripts/Autonomy/BT/Tests/SherpaOnnxASRBackendTests.cs.meta","240","A8B300AF85FC3A5631ADC5F3BED9DE991F1191A0B1729705CA455238A6D42D4B"
"01_SOURCE_CODE/UnityProject/Assets/Scripts/Autonomy/BT/Tests/StructuredTtsFeedbackSinkTests.cs","22621","D43C79C0F0D2DB27DC3E11EDDAB9CF1BF5B86496F8A182D9F35564E1FC4EFB8A"
"01_SOURCE_CODE/UnityProject/Assets/Scripts/Autonomy/BT/Tests/StructuredTtsFeedbackSinkTests.cs.meta","59","AD7CAC8607286504F6AB409A0DC5C2A2C55F56B060690AF5B950AB8C7F1A6CED"
"01_SOURCE_CODE/UnityProject/Assets/Scripts/Autonomy/BT/Tests/TaskStatusTests.cs","3210","AE58FC9A5B6C97E54AA4118BF1B6FFB7CCD8BBDD49E656EDB11CEC6D6C25C0BE"
"01_SOURCE_CODE/UnityProject/Assets/Scripts/Autonomy/BT/Tests/TaskStatusTests.cs.meta","59","214F0E9659365DBB770D20FE44702C095B905FC53CF4141FB5DDEA21A5B7F363"
"01_SOURCE_CODE/UnityProject/Assets/Scripts/Autonomy/BT/Tests/VoiceAutonomyCommandRouterTests.cs","54709","DAC3F484507850F7BAE2A7B64B3CCBAFCA278083EC28829E942AEF5F13F246B7"
"01_SOURCE_CODE/UnityProject/Assets/Scripts/Autonomy/BT/Tests/VoiceAutonomyCommandRouterTests.cs.meta","59","E0BC14477F116F6FC0F6097D6A100C06625A68FDBB4424E0955810ACCF1B0871"
"01_SOURCE_CODE/UnityProject/Assets/Scripts/Autonomy/BT/Tests/VoiceCommandIntentMapperTests.cs","20166","6B5F81D4A5D115EC25441C46D9ED32E079F99E8F87CEA18F89F2A09536973D80"
"01_SOURCE_CODE/UnityProject/Assets/Scripts/Autonomy/BT/Tests/VoiceCommandIntentMapperTests.cs.meta","60","432CA9C536BF98028E30013F80E141ABE5FB4E902D3738062DEDF65D5FF75589"
"01_SOURCE_CODE/UnityProject/Assets/Scripts/Autonomy/BT/Tests/VoiceCommandNormalizerTests.cs","21198","678A8078A98FE703C9B39F6306B565FA25B7A023ADDF4C7B1E0E5D78F00D94DB"
"01_SOURCE_CODE/UnityProject/Assets/Scripts/Autonomy/BT/Tests/VoiceCommandNormalizerTests.cs.meta","59","605D6A860997D3A318AE30B14FBE3D2A87D18DC36C15B4DBAE6D3700F215A5EC"
"01_SOURCE_CODE/UnityProject/Assets/Scripts/Autonomy/BT/Tests/VoicePipelineBootstrapTests.cs","4959","2F2EF25D45C36AA8630F31BEE134CD16724D1D66AE7DBBEE65493C88A5EB8DC7"
"01_SOURCE_CODE/UnityProject/Assets/Scripts/Autonomy/BT/Tests/VoicePipelineBootstrapTests.cs.meta","243","70EB456512BBAF81CD3D6DDEEF6E3AFD7C4B2BA1E93D4AC287D437E07299B47C"
"01_SOURCE_CODE/UnityProject/Assets/Scripts/Autonomy/BT/Tests/VoiceVadSegmenterTests.cs","4065","FF02C3CEC906C7FA41C656C9F0118A35EEC360ACB695B2E9F132A46DC19217FF"
"01_SOURCE_CODE/UnityProject/Assets/Scripts/Autonomy/BT/Tests/VoiceVadSegmenterTests.cs.meta","59","79389D84C1DF9EDC91514290A4AEEB7D33836BCA1B52194F7CF5093DF19E2331"
"01_SOURCE_CODE/UnityProject/Assets/Scripts/Autonomy/Core.meta","172","346B8C3462A16582528A04817207131522EEBE78E76C700C00B9F745220DEFA4"
"01_SOURCE_CODE/UnityProject/Assets/Scripts/Autonomy/Core/BlackboardKey.cs","935","47DB136E327D529E412D71A2A27AC3B33E7C2917CC891305EF063CF98A3E3DDD"
"01_SOURCE_CODE/UnityProject/Assets/Scripts/Autonomy/Core/BlackboardKey.cs.meta","59","86323A976D254074F4BBE0937436BB29198B81D53AC22D105A988D0B1B4AC8BB"
"01_SOURCE_CODE/UnityProject/Assets/Scripts/Autonomy/Core/IReadOnlyRobotBlackboard.cs","194","3DF4A67157AE184AF4A1701CFF7D290D132C9A6A2DB543F926798ED94D3DF9AE"
"01_SOURCE_CODE/UnityProject/Assets/Scripts/Autonomy/Core/IReadOnlyRobotBlackboard.cs.meta","59","5CB39ED8B69EE9125ACB618053E7215BFACAFBE5F10EEC44B6FC48AE9379D17C"
"01_SOURCE_CODE/UnityProject/Assets/Scripts/Autonomy/Core/IRobotBlackboard.cs","257","944F863B4C7CF029FED4A46B5933B8EC7F40DBE8F4EB8DC994222E8622F94969"
"01_SOURCE_CODE/UnityProject/Assets/Scripts/Autonomy/Core/IRobotBlackboard.cs.meta","59","E654883B2FEC99CAA6FC45A8888A1C24AB35D247679182BC4BD8F36418DE29DF"
"01_SOURCE_CODE/UnityProject/Assets/Scripts/Autonomy/Core/RobotBlackboard.cs","1223","D38F88D1F63DDE591DC01C79A4F66B78C10D922B07E4DFD33DCA4DC5F854A09A"
"01_SOURCE_CODE/UnityProject/Assets/Scripts/Autonomy/Core/RobotBlackboard.cs.meta","59","F0930F9D59683ADF12BC2314D417862B83D82B779B5F8E8213842D75C3E40754"
"01_SOURCE_CODE/UnityProject/Assets/Scripts/Autonomy/Core/RobotFSM.cs","1418","156A92C8B21685BFA1433B1958A129AD0334654F98361AF696F79E8281F66A4B"
"01_SOURCE_CODE/UnityProject/Assets/Scripts/Autonomy/Core/RobotFSM.cs.meta","59","7FC024AAA23B11FA1F44C23235C249D4BD64A65BDFDFD37C0B1CABD66C4EA07E"
"01_SOURCE_CODE/UnityProject/Assets/Scripts/Autonomy/Core/RobotMode.cs","148","F4B0C9C12CA666C50D3D21FC15891CCB7D54F2C238C1C9FED7E8DCAC5DD3B764"
"01_SOURCE_CODE/UnityProject/Assets/Scripts/Autonomy/Core/RobotMode.cs.meta","59","E960D84023D5F0B8D49EC133E6E1CF1AEBDED790406C6EBFC2970769EF039CC4"
"01_SOURCE_CODE/UnityProject/Assets/Scripts/Autonomy/Docs.meta","172","719F79B04660E7558E7B0E15ACD0B137837896CD69AB573623B3CF701CF7EC75"
"01_SOURCE_CODE/UnityProject/Assets/Scripts/Autonomy/Docs/P38_ASR_Diagnostics.md","3478","451123282359A01805963D39B6D9B60C54A47F598F767130931D087723C31DB1"
"01_SOURCE_CODE/UnityProject/Assets/Scripts/Autonomy/Docs/P38_ASR_Diagnostics.md.meta","155","72B20D03771373232DA733555E00760A91889A296AA0949A36836C4A70347F35"
"01_SOURCE_CODE/UnityProject/Assets/Scripts/Autonomy/Docs/P43A_TTS_Feedback_Sink.md","8825","EE87179E5F877B428CBAE3D8601A8A9E846D402664352EB2B9DF67D4DFFD09E1"
"01_SOURCE_CODE/UnityProject/Assets/Scripts/Autonomy/Docs/P43A_TTS_Feedback_Sink.md.meta","158","3815479A89D290FFB8909A3647EE6AC7AB375CEE27891928DBCE051928B0E624"
"01_SOURCE_CODE/UnityProject/Assets/Scripts/Autonomy/Docs/P45B_Android_Clip_TTS_Backend.md","2026","183A5F9A06DE65AC5314846F8D7EE097437036F00E48B3EAEAEC0A3FCF3678FF"
"01_SOURCE_CODE/UnityProject/Assets/Scripts/Autonomy/Docs/P45B_Android_Clip_TTS_Backend.md.meta","158","E85F61BD106EFEA0F1DA9847240E859832E1A74C6439CAF9E14A369A43C55731"
"01_SOURCE_CODE/UnityProject/Assets/Scripts/Autonomy/Domain.meta","172","0EB3E7A9CB6E4D52C4E2448F6F1C3CA4E45A5D93488A2599DB3C1B5E277821E1"
"01_SOURCE_CODE/UnityProject/Assets/Scripts/Autonomy/Domain/ASRAudioAnalysis.cs","1174","032427B27F3D6A03A8B0FCAA8FE78C812495E473132BDC6A8F243DE6AC1C61E4"
"01_SOURCE_CODE/UnityProject/Assets/Scripts/Autonomy/Domain/ASRAudioAnalysis.cs.meta","59","B6C97DC0FB15F57B90C7FC45B66B76E36494736125D5454FE38B13D72872531E"
"01_SOURCE_CODE/UnityProject/Assets/Scripts/Autonomy/Domain/ASRAudioDiagnostics.cs","1641","06904CFB015ADC2BFFF44488D400B4F4D226043A45769F1AA2FF691A1575A6FA"
"01_SOURCE_CODE/UnityProject/Assets/Scripts/Autonomy/Domain/ASRAudioDiagnostics.cs.meta","59","49FF4850D65215849B55EE49C85FDC122D49E5CD6880228C0A5AA564304D51EE"
"01_SOURCE_CODE/UnityProject/Assets/Scripts/Autonomy/Domain/ASRBackend.cs","213","EB1C2C8F344CAC08926267A0F058AC7B054D32DD2564786983800E952CE398CA"
"01_SOURCE_CODE/UnityProject/Assets/Scripts/Autonomy/Domain/ASRBackend.cs.meta","59","9AA48EFE86732084B0D11690EBD21F030E02986EA5A2B26B7BD159FF847F6B85"
"01_SOURCE_CODE/UnityProject/Assets/Scripts/Autonomy/Domain/ASRBackendAvailability.cs","137","5BAFA186317978B747B935857FD73702BCBAAEFDB8DC8B527D06EDB92E136FDB"
"01_SOURCE_CODE/UnityProject/Assets/Scripts/Autonomy/Domain/ASRBackendAvailability.cs.meta","240","6850556E9BAEF6BC98B76C6871718A55BC536171B27D6BFBB3F9B23B0B2130F3"
"01_SOURCE_CODE/UnityProject/Assets/Scripts/Autonomy/Domain/ASRBackendPreflightResult.cs","5362","2913D951EF66C703531235D687E88FBC6066583D2A1D363CAF545295FAC35407"
"01_SOURCE_CODE/UnityProject/Assets/Scripts/Autonomy/Domain/ASRBackendPreflightResult.cs.meta","240","BDF6DE749D2D64123D2907B3A2B83087A9B169D2E03654C5E243E9A176140086"
"01_SOURCE_CODE/UnityProject/Assets/Scripts/Autonomy/Domain/ASRBackendSelection.cs","874","69FCA38D7792F0F42EA4D55AEE06D96D9BE7B41BEC8A99A38820C89AAC1A258F"
"01_SOURCE_CODE/UnityProject/Assets/Scripts/Autonomy/Domain/ASRBackendSelection.cs.meta","240","A4D99A6FEC5FAA430076C973147F4A18A7CC9F34CEB8307AF8CF2AB7F80E27D9"
"01_SOURCE_CODE/UnityProject/Assets/Scripts/Autonomy/Domain/ASRBackendSelectionPolicy.cs","3878","61DF08161D7F773BC1AF61973A58255F5A44FAB582A41DB9189EE025C2CBF11E"
"01_SOURCE_CODE/UnityProject/Assets/Scripts/Autonomy/Domain/ASRBackendSelectionPolicy.cs.meta","240","37FD71C5309E72EE86FA9B90D95ECC172D0AEFB8A1BD42919EB4D17E8CA63B33"
"01_SOURCE_CODE/UnityProject/Assets/Scripts/Autonomy/Domain/AsrDiagnosticExpectedUtterance.cs","694","59C07AC71776B679A30E68045A7CF1B9098E1A1853F13DF094D37F23088BD975"
"01_SOURCE_CODE/UnityProject/Assets/Scripts/Autonomy/Domain/AsrDiagnosticExpectedUtterance.cs.meta","243","159977C57D8EAB060CF231AD6FA9222AA3926D3AFCE355AA353E82044ECED448"
"01_SOURCE_CODE/UnityProject/Assets/Scripts/Autonomy/Domain/AsrDiagnosticRecord.cs","15249","7F57A9F776CB5C29B2D56F726CBEEC0880D67AD4503E361AF8FC944EB87FFB5D"
"01_SOURCE_CODE/UnityProject/Assets/Scripts/Autonomy/Domain/AsrDiagnosticRecord.cs.meta","243","A544D92E7ECF894D7B4F9CFF57A23A8314F3F6CA9AE2230BCFA24729EDD73E2C"
"01_SOURCE_CODE/UnityProject/Assets/Scripts/Autonomy/Domain/AsrDiagnosticSummary.cs","15136","DA9C2B645A030BF79AB5A916262CA9DCCFE1083239D8C40F2F0402B9D4CE5298"
"01_SOURCE_CODE/UnityProject/Assets/Scripts/Autonomy/Domain/AsrDiagnosticSummary.cs.meta","243","7B9914EE10435C6C9AE0A293D25100ABFEEF1EC4F8087B6398E273355889D0F2"
"01_SOURCE_CODE/UnityProject/Assets/Scripts/Autonomy/Domain/ASRLatencyViability.cs","692","D148DEE52C9CC52DE02D6F5BD8C35281EAE09C5FE39F9A05C466EDD3D4D32DB2"
"01_SOURCE_CODE/UnityProject/Assets/Scripts/Autonomy/Domain/ASRLatencyViability.cs.meta","240","15709564452C48C68BFAD98139AF1BA91567914C5205429EDC5FE96CA858D6A3"
"01_SOURCE_CODE/UnityProject/Assets/Scripts/Autonomy/Domain/ASRLatencyViabilityStatus.cs","173","8A6E01C4D0BBBB9475B21FFB499BE2FFEF585B9C828A4DD7B3F7CE35E398BC3E"
"01_SOURCE_CODE/UnityProject/Assets/Scripts/Autonomy/Domain/ASRLatencyViabilityStatus.cs.meta","240","5AF2F7E9F94146DD23E3005B779345B7C13DF05EB77EDC7BD4CE5BE478194F4C"
"01_SOURCE_CODE/UnityProject/Assets/Scripts/Autonomy/Domain/ASRModelSize.cs","130","915DC30C395299165940A5321C87B85EFDB1EEA8149F0AA536C369ACEE320812"
"01_SOURCE_CODE/UnityProject/Assets/Scripts/Autonomy/Domain/ASRModelSize.cs.meta","243","4D9F00D7B39CA6545100030706BDEB168469AD390A4B3DD1170F994A6F54543A"
"01_SOURCE_CODE/UnityProject/Assets/Scripts/Autonomy/Domain/ASRRequest.cs","1078","E9ABCD393A04400CD314B65D5426B3D0122641F134477B2B156548CBDB5249F3"
"01_SOURCE_CODE/UnityProject/Assets/Scripts/Autonomy/Domain/ASRRequest.cs.meta","59","A41DCE395BEB699C3E55BE376AF19448059C8FD4C169FA136ADFC6228A2DA2F0"
"01_SOURCE_CODE/UnityProject/Assets/Scripts/Autonomy/Domain/ASRResult.cs","4710","998D44CDCCB8899FDCE7620BAF8ED22AAF913CD53BB1364A6A509DBF0A593C01"
"01_SOURCE_CODE/UnityProject/Assets/Scripts/Autonomy/Domain/ASRResult.cs.meta","59","CC682997A24D81F1C6C78F0788FCD64D1532D9B97ACF3D63D645EF86A974B791"
"01_SOURCE_CODE/UnityProject/Assets/Scripts/Autonomy/Domain/ASRStatus.cs","157","8669F4FD071F7D5D027F6B6EF1A4B9852995614B253CC92DADF01289E82E2AA1"
"01_SOURCE_CODE/UnityProject/Assets/Scripts/Autonomy/Domain/ASRStatus.cs.meta","59","928742A7E638F81533748E13195BBFCFB989D767CD2978BC589858FAC43F5DFE"
"01_SOURCE_CODE/UnityProject/Assets/Scripts/Autonomy/Domain/ASRUtteranceId.cs","363","562EA095C9FF7BFEA798967FE54E56B6F9F6C1E615D514218DA8F30B4A40A190"
"01_SOURCE_CODE/UnityProject/Assets/Scripts/Autonomy/Domain/ASRUtteranceId.cs.meta","59","16BF81B9757231936289ACA58506BF77562E112366722212D3A5111D66BC14B7"
"01_SOURCE_CODE/UnityProject/Assets/Scripts/Autonomy/Domain/AssistedRoundDomain.cs","16928","AC420EF523D4C033AC661D3919218DE1F61DC276897F23D739B54DC08F1A73CA"
"01_SOURCE_CODE/UnityProject/Assets/Scripts/Autonomy/Domain/AssistedRoundDomain.cs.meta","59","3A55C5D421894D64D47ADB05218C9962476716470A043BE5397146152A689134"
"01_SOURCE_CODE/UnityProject/Assets/Scripts/Autonomy/Domain/AutonomousTaskFlow.cs","116","8C910A9A2DDCCC45DB30CBCB7E9DB01285F2BEA874699196DC614D260CC258A7"
"01_SOURCE_CODE/UnityProject/Assets/Scripts/Autonomy/Domain/AutonomousTaskFlow.cs.meta","59","94DAF0D736A84C46913751F854ECACA52C4EFA8ADFDDA3B17C2BAC5045C32C18"
"01_SOURCE_CODE/UnityProject/Assets/Scripts/Autonomy/Domain/DebugRobotVoiceFeedbackSink.cs","650","E1850B9B83D7F9070B5D3044F754B77F09144E84E89A2D8C8F6E7019CCA692B2"
"01_SOURCE_CODE/UnityProject/Assets/Scripts/Autonomy/Domain/DebugRobotVoiceFeedbackSink.cs.meta","59","590FBE8675F96CBA5F4C2D788FFA940351FFB49FFB939364F19535965C989DCF"
"01_SOURCE_CODE/UnityProject/Assets/Scripts/Autonomy/Domain/Experiment2x2ConditionDefinition.cs","7331","A8A786C4469C8A7E2170F366E758269372224C7048F58C5F1757BA691A341657"
"01_SOURCE_CODE/UnityProject/Assets/Scripts/Autonomy/Domain/Experiment2x2ConditionDefinition.cs.meta","60","24A64035F2E404F7877EBAA3DF6BFC3FEAD1349289A0FF87194CCD6B5B8D3FBA"
"01_SOURCE_CODE/UnityProject/Assets/Scripts/Autonomy/Domain/ExperimentCompensatedConditionOrder.cs","3713","37FAE21A7AFFF0578C17D1F36491563D5A885E1F8F36318F641976E720B508F4"
"01_SOURCE_CODE/UnityProject/Assets/Scripts/Autonomy/Domain/ExperimentCompensatedConditionOrder.cs.meta","243","151394095785A8F3FC8E17E9AB4716F72333252FDA73592B03F14AA9DE998C15"
"01_SOURCE_CODE/UnityProject/Assets/Scripts/Autonomy/Domain/ExperimentConditionConfig.cs","5237","224E65AEDF8D53A37B6791A58626E757F27B3DA299B47D6CE9A205141680B2DE"
"01_SOURCE_CODE/UnityProject/Assets/Scripts/Autonomy/Domain/ExperimentConditionConfig.cs.meta","59","55E0E69C4A9ADC89D8EBAE5348C3E2C4D82E625F4B8F4569B7AF297361C8D9F5"
"01_SOURCE_CODE/UnityProject/Assets/Scripts/Autonomy/Domain/ExperimentDataConsistencyValidator.cs","103899","B4DD9AC5DD54E6B1A841C8777B22B7829C7FA7F959EC94F37417BABD9D70BE4E"
"01_SOURCE_CODE/UnityProject/Assets/Scripts/Autonomy/Domain/ExperimentDataConsistencyValidator.cs.meta","59","2ACE5DA0894C3B7D78019E26D1A588DFC1A51B88964BE576B14834A87D14FAB8"
"01_SOURCE_CODE/UnityProject/Assets/Scripts/Autonomy/Domain/ExperimentRunMode.cs","121","4F1E23591ED30158BD2C01B9BBDE99BDF8CD517588C39757F019D66CD46F1E58"
"01_SOURCE_CODE/UnityProject/Assets/Scripts/Autonomy/Domain/ExperimentRunMode.cs.meta","60","43AC63BD0F2AC5085F2C362D702E697A85F68E07D9D89C0A17C034D2C1412C00"
"01_SOURCE_CODE/UnityProject/Assets/Scripts/Autonomy/Domain/ExperimentRuntimeContext.cs","6385","627CC0613EB96A68CFEC1109E4AF90AAA2A7D60514F316F7EBA45931E3599022"
"01_SOURCE_CODE/UnityProject/Assets/Scripts/Autonomy/Domain/ExperimentRuntimeContext.cs.meta","60","AEF8F7D887D53D197DB81A89653E2CDD3695EFB229F72AF29AE4C458C1B9682B"
"01_SOURCE_CODE/UnityProject/Assets/Scripts/Autonomy/Domain/ExperimentRuntimeMetadataResolution.cs","4206","1397232E6F461B6BB8ACDA3E25BC74EBB858DD9746FC0C6C6A9064B55658FA42"
"01_SOURCE_CODE/UnityProject/Assets/Scripts/Autonomy/Domain/ExperimentRuntimeMetadataResolution.cs.meta","59","1F3DE05025E2CF3A23274BB629F7AA95F963F380BE50F68F3A95A3039397CEA2"
"01_SOURCE_CODE/UnityProject/Assets/Scripts/Autonomy/Domain/ExperimentSessionIndexWriter.cs","20034","69FE1B09B3D7E4CF59B6A3BA56DD4E5C0ECF4FCA1C06C61A7349FC7EE9361B05"
"01_SOURCE_CODE/UnityProject/Assets/Scripts/Autonomy/Domain/ExperimentSessionIndexWriter.cs.meta","59","990FC4AB7D38015ABE7A379674208D1B663DC60ABB0021C06DFA1733482F1505"
"01_SOURCE_CODE/UnityProject/Assets/Scripts/Autonomy/Domain/ExperimentSessionMetadata.cs","4498","D9F91B382FF3DB529F7D2B03249FE5AED376DEB475B104444D4D1782166A7360"
"01_SOURCE_CODE/UnityProject/Assets/Scripts/Autonomy/Domain/ExperimentSessionMetadata.cs.meta","59","D0283825A71BF63579B62281B3559245DD6053CAB4AE06BB76B4D7067E29D8D9"
"01_SOURCE_CODE/UnityProject/Assets/Scripts/Autonomy/Domain/ExperimentSessionTrialRecord.cs","6834","06B585BFF576B484DCECD5B8B9AC3B3F1C0DC133F4CB0D2B963721DFB3D8748F"
"01_SOURCE_CODE/UnityProject/Assets/Scripts/Autonomy/Domain/ExperimentSessionTrialRecord.cs.meta","59","58EC439EE7043187268D43480B1F8F93252CAB882D545261785AF56B59DFB2DA"
"01_SOURCE_CODE/UnityProject/Assets/Scripts/Autonomy/Domain/ExperimentTrialAdvanceReconciler.cs","3073","87B52B0B06189448FF64A47AEF304BA78D53F7EDC101863EA89267E7929B08CB"
"01_SOURCE_CODE/UnityProject/Assets/Scripts/Autonomy/Domain/ExperimentTrialAdvanceReconciler.cs.meta","59","9577F6981362033B6C8505C9667BA7BC3079B8E6125570C8C96372BBB494B864"
"01_SOURCE_CODE/UnityProject/Assets/Scripts/Autonomy/Domain/ExperimentTrialMetadata.cs","753","4A542D08D6FBF6F4A878334992748B6737B177BDF3AF64F3F7561DA6F449153D"
"01_SOURCE_CODE/UnityProject/Assets/Scripts/Autonomy/Domain/ExperimentTrialMetadata.cs.meta","59","7B1CF66CFE9803444323CA0BFEDB3DBC8EE0E1FDD86D1A879057658A26FEF43A"
"01_SOURCE_CODE/UnityProject/Assets/Scripts/Autonomy/Domain/ExperimentTrialMetricsAccumulator.cs","9357","156FCFDBAEC41DEC9952FA92739FE827FF858B039AF2A4BE073396C7E975110F"
"01_SOURCE_CODE/UnityProject/Assets/Scripts/Autonomy/Domain/ExperimentTrialMetricsAccumulator.cs.meta","59","1655385DD7BB3194521EB8FDC3A1E12BCC6A1693EA238F5EEE513415B106D449"
"01_SOURCE_CODE/UnityProject/Assets/Scripts/Autonomy/Domain/ExperimentTrialPlanBuilder.cs","1458","82BA83DBCCFEEFCE85A159AE987934CD84F92CAFACF9A7045DFB78A9297B6B38"
"01_SOURCE_CODE/UnityProject/Assets/Scripts/Autonomy/Domain/ExperimentTrialPlanBuilder.cs.meta","243","F8B930A8ECE83E377433C9699175B5B127EC0BCD526846D59BA2F0C4F75BE0C7"
"01_SOURCE_CODE/UnityProject/Assets/Scripts/Autonomy/Domain/ExperimentTrialPlanCursor.cs","1881","01F9FF36912C2568CD7BFE4A11A7B83CDF955808D00E871FED370EE05D3CE2B0"
"01_SOURCE_CODE/UnityProject/Assets/Scripts/Autonomy/Domain/ExperimentTrialPlanCursor.cs.meta","243","200E17829C7A2F5BBB1DB228A917B83F0529649AACD5DCE5C3862F9AC9F1AA74"
"01_SOURCE_CODE/UnityProject/Assets/Scripts/Autonomy/Domain/ExperimentTrialPlanEntry.cs","1087","1ED894E0DC4F6FE96BE837D6B6780692CB9FAC8168D8783F3083FF8452B3023F"
"01_SOURCE_CODE/UnityProject/Assets/Scripts/Autonomy/Domain/ExperimentTrialPlanEntry.cs.meta","243","C64CFFD02D4304BCB356E71B170884BF46723F5A11444A0627684AEDF2B40CBE"
"01_SOURCE_CODE/UnityProject/Assets/Scripts/Autonomy/Domain/ExperimentTrialSummary.cs","2005","74390C75645D1DBE5AE50F1D7094EA0A97D0AB8B30AB3BF6C70B7016D6D6EC44"
"01_SOURCE_CODE/UnityProject/Assets/Scripts/Autonomy/Domain/ExperimentTrialSummary.cs.meta","59","BB84976C1DFEF99B10AB47740B29D8EC97AE7980A6FDF8A5BDF7CF422E9B90DF"
"01_SOURCE_CODE/UnityProject/Assets/Scripts/Autonomy/Domain/IRobotVoiceFeedbackSink.cs","141","2218EDBA8FE876833BD4327A1F3B400A24951CE46488DD08683D493A9C8207D2"
"01_SOURCE_CODE/UnityProject/Assets/Scripts/Autonomy/Domain/IRobotVoiceFeedbackSink.cs.meta","59","56EF423E2335268E33E6AE6A8440CA2246374E2F1FA86C35511E1211B8A8318A"
"01_SOURCE_CODE/UnityProject/Assets/Scripts/Autonomy/Domain/IsExternalInit.cs","323","2D87666E057D36B81C602BB5C09FF3F22588A98569733F2187A1AF9510A22BD5"
"01_SOURCE_CODE/UnityProject/Assets/Scripts/Autonomy/Domain/IsExternalInit.cs.meta","59","B29011014EA69EC9F1920D82E0639117523F822C0F781360519523FF3839769D"
"01_SOURCE_CODE/UnityProject/Assets/Scripts/Autonomy/Domain/ITtsSpeechBackend.cs","368","F50F864B04EC1BAC97A95604FEED8552397CA2A3E8BDE50360562ACA6686BEDD"
"01_SOURCE_CODE/UnityProject/Assets/Scripts/Autonomy/Domain/ITtsSpeechBackend.cs.meta","59","B08150508D59997A6558AA7A6926D99C0F071BE6F6BECD384DE685CFC5321E9A"
"01_SOURCE_CODE/UnityProject/Assets/Scripts/Autonomy/Domain/IVoiceCommandIntentMapper.cs","181","94026DDBCA5E6E7D971649C01DA34683EDD6C74E9EEF3F20E778D3F25812E5F7"
"01_SOURCE_CODE/UnityProject/Assets/Scripts/Autonomy/Domain/IVoiceCommandIntentMapper.cs.meta","60","5E06B665C65A777F57484616ED6204B1CEE8020A8BBFD222AD0B59B8DD2970B5"
"01_SOURCE_CODE/UnityProject/Assets/Scripts/Autonomy/Domain/IVoiceCommandNormalizer.cs","160","5C082B321A07B2DBA7434E66A2D7EED802BF3D8B8C118F8FE77D16A503E8D9E1"
"01_SOURCE_CODE/UnityProject/Assets/Scripts/Autonomy/Domain/IVoiceCommandNormalizer.cs.meta","59","B20754F1A58A9722328A0BAC523A8A26C2F14DF6FC61F524FAF289DC1DFE0564"
"01_SOURCE_CODE/UnityProject/Assets/Scripts/Autonomy/Domain/IVoiceExperimentEventSink.cs","197","853915D46B7EB430AA6110E0FB0D4DF71A15A206222FBEF4402FE9396E240D5F"
"01_SOURCE_CODE/UnityProject/Assets/Scripts/Autonomy/Domain/IVoiceExperimentEventSink.cs.meta","59","4C5562CC7C82BA5BC14975FFF774ADCC987E6F5E2A3A62AAAB8F6FCD342FE7A0"
"01_SOURCE_CODE/UnityProject/Assets/Scripts/Autonomy/Domain/IVoiceUserFeedbackSink.cs","139","796EDAF8BAFC86274FC1BCCB819C8834055BAA7ACD9E6A1858FAF41250D65737"
"01_SOURCE_CODE/UnityProject/Assets/Scripts/Autonomy/Domain/IVoiceUserFeedbackSink.cs.meta","59","1118A3B439996E55E627EFE52CEC62E68815849A958AC5C50C95995AB8784079"
"01_SOURCE_CODE/UnityProject/Assets/Scripts/Autonomy/Domain/ManualBoxGrabExclusivityState.cs","2792","0E28905CF72AAF7F78DC49D918F48BDE44E76FE4B3C1B044A4ABC75AF5D51C5F"
"01_SOURCE_CODE/UnityProject/Assets/Scripts/Autonomy/Domain/ManualBoxGrabExclusivityState.cs.meta","243","FCADF270E03C799F7029B20D4FDC4B539F82AFE21C81371415BCD6B944F8D909"
"01_SOURCE_CODE/UnityProject/Assets/Scripts/Autonomy/Domain/MultimodalTaskIntent.cs","9316","DEAB8A02AE2BE97A3CD8A901A7F2E8546CD734E989E27F69A7DB02829A141651"
"01_SOURCE_CODE/UnityProject/Assets/Scripts/Autonomy/Domain/MultimodalTaskIntent.cs.meta","59","C93E4643824D5EB8BF851CB9F5F101D6ED791D5FBDF48D86F6A7493A242F739E"
"01_SOURCE_CODE/UnityProject/Assets/Scripts/Autonomy/Domain/RobotAssistancePlaceRecoveryConfig.cs","2106","80332A8A6AE533728F5D6B987A06E4640DA3C335812113108F5192FB565F8F51"
"01_SOURCE_CODE/UnityProject/Assets/Scripts/Autonomy/Domain/RobotAssistancePlaceRecoveryConfig.cs.meta","60","F60F40B6436C1DA3AB44E7D84DFB76D3FF2D95B85271A3CA3615872390F7A714"
"01_SOURCE_CODE/UnityProject/Assets/Scripts/Autonomy/Domain/RobotVoiceFeedbackContext.cs","1253","E349CF4F2D77A803E6A96395E630A0DA6F4AE81F2335121384ABBB22AFF69D4A"
"01_SOURCE_CODE/UnityProject/Assets/Scripts/Autonomy/Domain/RobotVoiceFeedbackContext.cs.meta","59","D9AFB9FD15E0B64421F489F1AF9224AFC8E52C7F94425CDB9918FD04A37E2D46"
"01_SOURCE_CODE/UnityProject/Assets/Scripts/Autonomy/Domain/RobotVoiceFeedbackDiagnosticRecord.cs","8186","C29DCF88BD5F86A57C856CF3184AA5C1E2016E3C7404920D16445681FF738E3C"
"01_SOURCE_CODE/UnityProject/Assets/Scripts/Autonomy/Domain/RobotVoiceFeedbackDiagnosticRecord.cs.meta","60","61B681365984DAEB96504856E629EAED90F38F85E8EA93BA499208829E7EE4C2"
"01_SOURCE_CODE/UnityProject/Assets/Scripts/Autonomy/Domain/RobotVoiceFeedbackDiagnosticSummary.cs","5459","AF8EA85CBA4F412097010957D112B107DC04A3E6D7AACA8A4619A45360F2E81C"
"01_SOURCE_CODE/UnityProject/Assets/Scripts/Autonomy/Domain/RobotVoiceFeedbackDiagnosticSummary.cs.meta","60","ED19C3E1B83BB7C9365C59B18DD2445886700588AF9C0C0612EB9DD14CC27438"
"01_SOURCE_CODE/UnityProject/Assets/Scripts/Autonomy/Domain/RobotVoiceFeedbackKind.cs","670","F1DC6BBC2FAC8860A21BA27E247F0F99AA25606EF7427D317AAD95A1206DD855"
"01_SOURCE_CODE/UnityProject/Assets/Scripts/Autonomy/Domain/RobotVoiceFeedbackKind.cs.meta","59","2CF25EFE0AA03231259F149C6A538005F2FE65FF130CC09129A832E0FFF9DFEB"
"01_SOURCE_CODE/UnityProject/Assets/Scripts/Autonomy/Domain/RobotVoiceFeedbackMessage.cs","579","E7C904750F1394DF0A35584A5E983304C92D78C9B2CE85CBD335D027613B92A6"
"01_SOURCE_CODE/UnityProject/Assets/Scripts/Autonomy/Domain/RobotVoiceFeedbackMessage.cs.meta","59","41121780AD58480AF3E79316D88DD4DCDDC7AC84371C16744368BAD41E959895"
"01_SOURCE_CODE/UnityProject/Assets/Scripts/Autonomy/Domain/RobotVoiceFeedbackTemplateBuilder.cs","13951","E2C66C54A82EBD35AC05F74AF913F017A69B0CDC21AEDF3380CA3ADFA3C364B3"
"01_SOURCE_CODE/UnityProject/Assets/Scripts/Autonomy/Domain/RobotVoiceFeedbackTemplateBuilder.cs.meta","59","BB7D7E0D5638425256CDBC264F31542F8E153B65002AA5428012EB38EB341B1B"
"01_SOURCE_CODE/UnityProject/Assets/Scripts/Autonomy/Domain/RobotVoiceFeedbackTtsFormatter.cs","10218","DAF201D076A52391E0B8F0008DFF62EF863595BF543EA6CF18C156034C99C80A"
"01_SOURCE_CODE/UnityProject/Assets/Scripts/Autonomy/Domain/RobotVoiceFeedbackTtsFormatter.cs.meta","59","5756E77C3B3E1E67F202B9A06F875C497189B54154792DC0EDD52E391C7E8A1F"
"01_SOURCE_CODE/UnityProject/Assets/Scripts/Autonomy/Domain/RoundIntegrationContracts.cs","3171","9AAFA5DE1B5B3FC3CDC397973958D17A28C6F44468B29EFBE178CCF86E5B80E8"
"01_SOURCE_CODE/UnityProject/Assets/Scripts/Autonomy/Domain/RoundIntegrationContracts.cs.meta","59","0071BBDCAABF87E82218077AB3E914D5879AFA47513546E0769D15BEDBA27DF6"
"01_SOURCE_CODE/UnityProject/Assets/Scripts/Autonomy/Domain/TargetDescriptor.cs","334","4A6F70105792606B315EC3A31314C88BCE15541A859F9AF92974F4C6B0EB0821"
"01_SOURCE_CODE/UnityProject/Assets/Scripts/Autonomy/Domain/TargetDescriptor.cs.meta","59","791CD6D4D52360A72AA44293CE85AC947670A927DDAB5DCC224B73E25EF99037"
"01_SOURCE_CODE/UnityProject/Assets/Scripts/Autonomy/Domain/TaskBlackboardKeys.cs","619","7C599DE3E9CC12EA54EE280931359DDA834C1DC182B197636E82D9ADEC2BA22F"
"01_SOURCE_CODE/UnityProject/Assets/Scripts/Autonomy/Domain/TaskBlackboardKeys.cs.meta","59","4378C5AA52AD6A104C8206371C66A5020743EEC9931BE3EF73EA30D5CC63AE81"
"01_SOURCE_CODE/UnityProject/Assets/Scripts/Autonomy/Domain/TaskStatus.cs","147","102553F8473CF36EE37ADC446C98CF837ABB71621F04112DE1297297A0A0AA24"
"01_SOURCE_CODE/UnityProject/Assets/Scripts/Autonomy/Domain/TaskStatus.cs.meta","59","BCB159B1C4CFB96E221D8C15D684B7190839A75CD79E5391884617E48538DC09"
"01_SOURCE_CODE/UnityProject/Assets/Scripts/Autonomy/Domain/TtsFeedbackPriority.cs","119","FA055D0F4515BE2741B483313B7056673B524456ED4777F4FA9F07D12E404E8A"
"01_SOURCE_CODE/UnityProject/Assets/Scripts/Autonomy/Domain/TtsFeedbackPriority.cs.meta","59","77FC726B31857DC4F7C6CD5E9CB27C38585E0699B8DE8E66EDE79854680A07B6"
"01_SOURCE_CODE/UnityProject/Assets/Scripts/Autonomy/Domain/TtsFeedbackQueue.cs","3219","F4ED62C7B9EE6CCB479148CE1AA34D4FC78C855000F715992CF6BAB27C0CD42C"
"01_SOURCE_CODE/UnityProject/Assets/Scripts/Autonomy/Domain/TtsFeedbackQueue.cs.meta","59","803E33835620E12B34EFDDAD5E0C3F062ED21CF132A33F066EBD134844F298DE"
"01_SOURCE_CODE/UnityProject/Assets/Scripts/Autonomy/Domain/TtsFeedbackUtterance.cs","515","0B1E7DA71CE6153A5AA7169B78DF9406CB07EB88E704D5BA9F22650D43AE8104"
"01_SOURCE_CODE/UnityProject/Assets/Scripts/Autonomy/Domain/TtsFeedbackUtterance.cs.meta","59","81F7FC9725A272EC1C3EB3FF08CC553FB2D423BB4ED0F0100BDF03FDC2B66B3C"
"01_SOURCE_CODE/UnityProject/Assets/Scripts/Autonomy/Domain/VoiceAutonomyCommandRouter.cs","68695","09BDCB466BF1EDBC489D8ADEFF2516CEDBB573EE629F23F4DC1C025D9A901418"
"01_SOURCE_CODE/UnityProject/Assets/Scripts/Autonomy/Domain/VoiceAutonomyCommandRouter.cs.meta","59","BC33F596866E25D8C649EBF5C676279DEFF123D36A93F6254EF3BBE89FC1E2EB"
"01_SOURCE_CODE/UnityProject/Assets/Scripts/Autonomy/Domain/VoiceAutonomyCommandRoutingResult.cs","1520","D4A0CD9773CCAF0794378E4D4C3322C0EB71550193EF882AA9EB8374697CFE90"
"01_SOURCE_CODE/UnityProject/Assets/Scripts/Autonomy/Domain/VoiceAutonomyCommandRoutingResult.cs.meta","59","80A9688DAE66394B333ACA50864F9E92B1FFE93ACA4C1A43C397240DAAC9C2DD"
"01_SOURCE_CODE/UnityProject/Assets/Scripts/Autonomy/Domain/VoiceAutonomyCommandRoutingStatus.cs","305","50560BCC0CFA12368E34097EB54479B6C47D3044E07355055B52DFE013A430A5"
"01_SOURCE_CODE/UnityProject/Assets/Scripts/Autonomy/Domain/VoiceAutonomyCommandRoutingStatus.cs.meta","59","AE5F5E08AAD26AC98C0B963D51DDF7918DF50FA5B65DD9F2500945101C68A3EE"
"01_SOURCE_CODE/UnityProject/Assets/Scripts/Autonomy/Domain/VoiceCommandAlias.cs","445","9D9E344E6FCFE61B7D2CEDAFE7651316F65667E2731E5603C00F727915DE2DBC"
"01_SOURCE_CODE/UnityProject/Assets/Scripts/Autonomy/Domain/VoiceCommandAlias.cs.meta","59","0AA5524188BBCBF438A52AA4A0CDE18551DCDC15E71B93E6DB747B10346FF09E"
"01_SOURCE_CODE/UnityProject/Assets/Scripts/Autonomy/Domain/VoiceCommandCandidate.cs","1085","70C88AD7CBFF1C6CB770C88892D672E0785CF0988EECD9FDD1D3F9E85C5BB830"
"01_SOURCE_CODE/UnityProject/Assets/Scripts/Autonomy/Domain/VoiceCommandCandidate.cs.meta","59","21EBB70B12ACEB96B7A2B1494699F25358ECDA955B68ED7EE7B5071972D8B39E"
"01_SOURCE_CODE/UnityProject/Assets/Scripts/Autonomy/Domain/VoiceCommandIntentKind.cs","279","268D05B07C1B640600A7E0E6A5F081FDEE06CB92F97F31F98FFB2E4CF3965845"
"01_SOURCE_CODE/UnityProject/Assets/Scripts/Autonomy/Domain/VoiceCommandIntentKind.cs.meta","60","80A265BBC8ED9D5E6E4BC14B0359AB0CF70356AC78E57156D74C2F2E54C845B4"
"01_SOURCE_CODE/UnityProject/Assets/Scripts/Autonomy/Domain/VoiceCommandIntentMapper.cs","16277","F6A08ACF0774A683FFA478A4B6D8248A9356BA7B28411A51C1BA6DE7806A9367"
"01_SOURCE_CODE/UnityProject/Assets/Scripts/Autonomy/Domain/VoiceCommandIntentMapper.cs.meta","60","D3EBE9408405821977B5D1D6A01121C32FEC8DE78F2FD5BBF802F461F08678B7"
"01_SOURCE_CODE/UnityProject/Assets/Scripts/Autonomy/Domain/VoiceCommandIntentMappingError.cs","443","D6D505C32814C8DFBF358F49D240C1994B51A209F72C24C1FB51E5AE2DC37453"
"01_SOURCE_CODE/UnityProject/Assets/Scripts/Autonomy/Domain/VoiceCommandIntentMappingError.cs.meta","60","EF6F96368105C5A09607BB880C4FE7C0A0DFEA66941AA2175ED4FA934C479E1B"
"01_SOURCE_CODE/UnityProject/Assets/Scripts/Autonomy/Domain/VoiceCommandIntentMappingResult.cs","2731","D8F69D06690E8FB42D877BB8CA7D025ABA7E747800F2897D1D0DE393AF62D6AB"
"01_SOURCE_CODE/UnityProject/Assets/Scripts/Autonomy/Domain/VoiceCommandIntentMappingResult.cs.meta","60","DEAFBE258B8273F875457786B64A1257F41E70E41843586828BEA4A97D1FCD63"
"01_SOURCE_CODE/UnityProject/Assets/Scripts/Autonomy/Domain/VoiceCommandIntentMappingStatus.cs","163","1E5761064527B3036C087BDC9B4C8047C051053E4F7987F9FEB7108A6BDE328B"
"01_SOURCE_CODE/UnityProject/Assets/Scripts/Autonomy/Domain/VoiceCommandIntentMappingStatus.cs.meta","60","5335AA525C745EB704F353F4E024ABB6931466F39B304D959937DB7A34C795E0"
"01_SOURCE_CODE/UnityProject/Assets/Scripts/Autonomy/Domain/VoiceCommandNormalizationResult.cs","2639","96D7EF45F03CABA9CA48CC61FCED1D7073964332838D5EE9F221B7AA825E13A8"
"01_SOURCE_CODE/UnityProject/Assets/Scripts/Autonomy/Domain/VoiceCommandNormalizationResult.cs.meta","59","DB55AE5CC6F941E457F82954653F5B54F70181219141B0EAE9D289965E1197E6"
"01_SOURCE_CODE/UnityProject/Assets/Scripts/Autonomy/Domain/VoiceCommandNormalizer.cs","35516","A5EFAE46BCD39FD519FCD0AC4CD87D51FBED44AE26588BA49C4117F8E503E790"
"01_SOURCE_CODE/UnityProject/Assets/Scripts/Autonomy/Domain/VoiceCommandNormalizer.cs.meta","59","5FBDB2815E7542F91ABFF3B5D03DD314E6E2E4BF2B8AF0076B789C74B3C6BDD2"
"01_SOURCE_CODE/UnityProject/Assets/Scripts/Autonomy/Domain/VoiceCommandRecognitionStatus.cs","148","B184D5B380BD93CF680EA06B4DECC99DB5D4011A71F3E815F940595F7EF0ED54"
"01_SOURCE_CODE/UnityProject/Assets/Scripts/Autonomy/Domain/VoiceCommandRecognitionStatus.cs.meta","59","5351196CF09837481EFF4114B75DDDE9E0AAC923E558D83D0C51DBD6F896267E"
"01_SOURCE_CODE/UnityProject/Assets/Scripts/Autonomy/Domain/VoiceCommandTokens.cs","231","F030CDBB54FAD30FD15C198877DD943B304DD8C46707284D582FA562229BFCFF"
"01_SOURCE_CODE/UnityProject/Assets/Scripts/Autonomy/Domain/VoiceCommandTokens.cs.meta","59","8710DBF88D09D29031B1AB894C731AD94138B6C88C74A3084C0318E0935E7084"
"01_SOURCE_CODE/UnityProject/Assets/Scripts/Autonomy/Domain/VoiceCommandVocabulary.cs","2288","F09D42F410FA4961330A2DE810B9202D6EC0213DBDB92F8B6A123BF9D9FB5933"
"01_SOURCE_CODE/UnityProject/Assets/Scripts/Autonomy/Domain/VoiceCommandVocabulary.cs.meta","59","76A2342FC0EEDF2300E7D542DEBFC6214E8822F492DCD1E112450A29D7124F48"
"01_SOURCE_CODE/UnityProject/Assets/Scripts/Autonomy/Domain/VoiceConfirmationManager.cs","2147","DFB36EFC06C9B6E10E9D168110BF62430844BA5EAB82C470FC101FAB7A835132"
"01_SOURCE_CODE/UnityProject/Assets/Scripts/Autonomy/Domain/VoiceConfirmationManager.cs.meta","59","447F66A548328EFE195D606B79D3317830A23B4E6C19C6EE54F8BD6ED3F68227"
"01_SOURCE_CODE/UnityProject/Assets/Scripts/Autonomy/Domain/VoiceConfirmationMode.cs","153","87307DA4907E55D209BBB98CF866D517AEEC2B873B1B77B8D82CDD4A99D6E6AA"
"01_SOURCE_CODE/UnityProject/Assets/Scripts/Autonomy/Domain/VoiceConfirmationMode.cs.meta","59","801673271E2C7620EEA06ECFCDBDC25D6F7D4DB5F4B1B18A44B2E03FE1CA3E8B"
"01_SOURCE_CODE/UnityProject/Assets/Scripts/Autonomy/Domain/VoiceConfirmationPolicy.cs","1558","C691D15C69FDC59025ABC6BD57979B3DBFF9DB0A24B130F7399F318994BB1653"
"01_SOURCE_CODE/UnityProject/Assets/Scripts/Autonomy/Domain/VoiceConfirmationPolicy.cs.meta","59","53E799332E4D7BFC7651DA2A84BFD650D52990B1C068338233E7FE6A394A6770"
"01_SOURCE_CODE/UnityProject/Assets/Scripts/Autonomy/Domain/VoiceConfirmationResponse.cs","136","C724323183B24A352F9120471BC4EAEA985587C8152527E60EA1307952EC4B2B"
"01_SOURCE_CODE/UnityProject/Assets/Scripts/Autonomy/Domain/VoiceConfirmationResponse.cs.meta","59","5A8AEB0C81BA044F4B7F619606500DD22A30C7D37229C9E6CF79A595A3C07BFA"
"01_SOURCE_CODE/UnityProject/Assets/Scripts/Autonomy/Domain/VoiceConfirmationResponseParser.cs","2328","ECD6CD66CEBCE1C9EDFDD1D06CE4A8BDBBAF272CE5E70A08AE6956A0920B494C"
"01_SOURCE_CODE/UnityProject/Assets/Scripts/Autonomy/Domain/VoiceConfirmationResponseParser.cs.meta","59","86788DD371C4A7994E42E35FAE65D5A392D764F56030AF9AFDF647B9C7D4275B"
"01_SOURCE_CODE/UnityProject/Assets/Scripts/Autonomy/Domain/VoiceListeningMode.cs","119","428636FC3EA951DE2D3EBD3D2A0ABC5E54406ED7E76D711628D840E5E22FF835"
"01_SOURCE_CODE/UnityProject/Assets/Scripts/Autonomy/Domain/VoiceListeningMode.cs.meta","59","EDB077917D85D02F2165AEF1ECC5DA955FDA1028898E9212F191F6EA53021C60"
"01_SOURCE_CODE/UnityProject/Assets/Scripts/Autonomy/Domain/VoiceResumeCommandResult.cs","846","01C73D4675CEDB3453674F7EBF1213DEC5B77C44BFABD42EE7564D0D86C08F84"
"01_SOURCE_CODE/UnityProject/Assets/Scripts/Autonomy/Domain/VoiceResumeCommandResult.cs.meta","243","7523AB16A63F925B135DB3073B3C1ED3D99BE182FB1B9CB673AD97927F9955CF"
"01_SOURCE_CODE/UnityProject/Assets/Scripts/Autonomy/Domain/VoiceStopCommandResult.cs","834","69921F93CBBDA1C1589FD98952E571DBCAE60110244FECDF41FD9023B747F92B"
"01_SOURCE_CODE/UnityProject/Assets/Scripts/Autonomy/Domain/VoiceStopCommandResult.cs.meta","59","BAC524F28A65A58432E91ED77912C94CE221FA11A535EA0C0D4ED797ADDF2985"
"01_SOURCE_CODE/UnityProject/Assets/Scripts/Autonomy/Domain/VoiceTargetResolver.cs","8070","817E6493C08BDD8E7A836D3ECBD45E955BD56E27A496B1EF1D5A8CE24BD13F66"
"01_SOURCE_CODE/UnityProject/Assets/Scripts/Autonomy/Domain/VoiceTargetResolver.cs.meta","243","48CE8CF12F9B4213891D40A75938A296020D2E2491523EEF7477EF3695F06291"
"01_SOURCE_CODE/UnityProject/Assets/Scripts/Autonomy/Domain/VoiceUserFeedbackMessage.cs","875","510517860A2560FDDF0AD3685BACFEE68F9EE43C1BAFD7AF172679221F7C8E1A"
"01_SOURCE_CODE/UnityProject/Assets/Scripts/Autonomy/Domain/VoiceUserFeedbackMessage.cs.meta","59","FDC721D8C0E91C2CEAFAA7101D2515811AA16CFEDB608C40A01E88132B593C96"
"01_SOURCE_CODE/UnityProject/Assets/Scripts/Autonomy/Domain/VoiceUserFeedbackType.cs","453","E34C54AB7AC9386887AD29BABB83FEF44B16576BEA402292F0762BDE876DDF49"
"01_SOURCE_CODE/UnityProject/Assets/Scripts/Autonomy/Domain/VoiceUserFeedbackType.cs.meta","59","DD607ECABEBAB9ADF5D33C9DD2A7B28C1B93E8FF6459C03ACFD6DD53FF725597"
"01_SOURCE_CODE/UnityProject/Assets/Scripts/Autonomy/Domain/VoiceVadSegmentDecision.cs","961","B9B970A3A2D2DA1C0A4E623ABFB2CD17D729FE651380FC98447C179C627DBEC0"
"01_SOURCE_CODE/UnityProject/Assets/Scripts/Autonomy/Domain/VoiceVadSegmentDecision.cs.meta","59","E925F32490025FB2729D7C3771F878CA0B2DA2D65DD874702BD27D9387AD22EA"
"01_SOURCE_CODE/UnityProject/Assets/Scripts/Autonomy/Domain/VoiceVadSegmentDecisionType.cs","189","AD015433E5D6D242892FE81B0D7EFC7D22DF757500006504A6F96E2C62D27388"
"01_SOURCE_CODE/UnityProject/Assets/Scripts/Autonomy/Domain/VoiceVadSegmentDecisionType.cs.meta","59","AB1C670D883B931A188DC9EC91D1E386D6AEED05DDEA25059F707F21B050988A"
"01_SOURCE_CODE/UnityProject/Assets/Scripts/Autonomy/Domain/VoiceVadSegmenter.cs","6439","D127004F3D07E603ECAC2C15769292876741BA67CFC6B8D8C769C402334C7BA0"
"01_SOURCE_CODE/UnityProject/Assets/Scripts/Autonomy/Domain/VoiceVadSegmenter.cs.meta","59","93025160433A31F1DADB53CCE8AC9A3AE03396DF4153A1AC8903FB68B9461D3F"
"01_SOURCE_CODE/UnityProject/Assets/Scripts/Autonomy/Domain/VoiceVadSegmentState.cs","153","35F6BDAF8BCE2F6647EB5897EF679E3E876CB49BA1D24D3C7FF927F787A87968"
"01_SOURCE_CODE/UnityProject/Assets/Scripts/Autonomy/Domain/VoiceVadSegmentState.cs.meta","59","D7762EF25C9F59AB5029C5603A772D80F544266B2F1D9E476E50D939E6CB5894"
"01_SOURCE_CODE/UnityProject/Assets/Scripts/Autonomy/Integration.meta","172","B0972822EC654BDA0967448294D336D30AD495CB75A7C1714DF2AA033D80F791"
"01_SOURCE_CODE/UnityProject/Assets/Scripts/Autonomy/Integration/RobotController.cs","7295","4A22B4DC7D1CE0A575850287D1EDC7835BF63E63E3C03BD120B85BB3CA68B71D"
"01_SOURCE_CODE/UnityProject/Assets/Scripts/Autonomy/Integration/RobotController.cs.meta","59","94B94C002F5CDDA1AE50DF841CF6725D6A7FC11FB96A9490338D73E1DD1BD7E8"
"01_SOURCE_CODE/UnityProject/Assets/Scripts/Autonomy/Perception.meta","172","F2CC897AD72A2087DEED72FC1FCC9D384CCE972EBB67319DDBD05EDF68684E16"
"01_SOURCE_CODE/UnityProject/Assets/Scripts/Autonomy/Perception/IPerceptionService.cs","345","EFA814656C7B6E33B5BDAF5BA394BFB8995A664796F9B58B5AF701C373699E35"
"01_SOURCE_CODE/UnityProject/Assets/Scripts/Autonomy/Perception/IPerceptionService.cs.meta","59","B64E025C39173FBE15BC495FFBF4E53C040E4538D8B1EE907A407C90CA6703A5"
"01_SOURCE_CODE/UnityProject/Assets/Scripts/Autonomy/Perception/PerceivedObject.cs","2675","893D22727426F36892CCF5EE65F714DA5576C2724F7D9DA2514F95E5E38F6402"
"01_SOURCE_CODE/UnityProject/Assets/Scripts/Autonomy/Perception/PerceivedObject.cs.meta","59","239238C3F9FF208938472F969F7E4F3E53320A8D738C5BE76AE2969D5BB2B6FE"
"01_SOURCE_CODE/UnityProject/Assets/Scripts/Autonomy/Perception/PerceptionQuery.cs","1396","8A5F3C241F2AB3EB36BB5BB6279E4F93707844ADF651E076ECDABA137D98FB68"
"01_SOURCE_CODE/UnityProject/Assets/Scripts/Autonomy/Perception/PerceptionQuery.cs.meta","59","DE95D8C4703916C60DEF04D525DE1299FEA9A658C830054781D43B7CA3A1167E"
"01_SOURCE_CODE/UnityProject/Assets/Scripts/Autonomy/Perception/PerceptionTargetSelector.cs","4979","93EC3DAAEA33EBDA500BBDD600ADA28AA03B299203E6FEA83C12D99883BE01FD"
"01_SOURCE_CODE/UnityProject/Assets/Scripts/Autonomy/Perception/PerceptionTargetSelector.cs.meta","59","F1F4E70FF8AB23C3D4A60ACA6F180345641EA9CFBBA30505592E344DE57ED6F0"
"01_SOURCE_CODE/UnityProject/Assets/Scripts/Autonomy/Provisioning.meta","172","48765D5D8C3F823DD3CEB587FFE5B7217630492978F58B363EFB1E9AF98350C7"
"01_SOURCE_CODE/UnityProject/Assets/Scripts/Autonomy/Provisioning/ManualTargetProvisioner.cs","870","3D24BDA6D7CFEF6C757EAEE868E49167C52131D658A4E6055AD45F2BA22E0008"
"01_SOURCE_CODE/UnityProject/Assets/Scripts/Autonomy/Provisioning/ManualTargetProvisioner.cs.meta","59","ECF6625A354B49E7B581999D51F58FC7B51853FE205D305E3D11263DA2184875"
"01_SOURCE_CODE/UnityProject/Assets/Scripts/Autonomy/Provisioning/ManualTargetSeeder.cs","8026","BB579D281C4F70279F0B385085444D0E96262290F0B1950215D4F2AE801D5A95"
"01_SOURCE_CODE/UnityProject/Assets/Scripts/Autonomy/Provisioning/ManualTargetSeeder.cs.meta","59","454368DDC5CB70A24053E2A164B30C5F7C98B4DFF2262520CAE2DBC3CD3DFECC"
"01_SOURCE_CODE/UnityProject/Assets/Scripts/Autonomy/Provisioning/PerceptionTargetSeeder.cs","12746","376BB657B2F492BDB6B3F7838667CB505F3DD1023F9244BD4811CCDA50698DC4"
"01_SOURCE_CODE/UnityProject/Assets/Scripts/Autonomy/Provisioning/PerceptionTargetSeeder.cs.meta","59","A6514F14944D61B1AC4FC3AB72181A5388A4D614FE26DD5C0801C205C8C88AB4"
"01_SOURCE_CODE/UnityProject/Assets/Scripts/Autonomy/Provisioning/PlaceTargetProvisioner.cs","467","BED0AA84F2B202695C5C04091433AAD2D62C5BF73B09EF67F33391A13E204D7A"
"01_SOURCE_CODE/UnityProject/Assets/Scripts/Autonomy/Provisioning/PlaceTargetProvisioner.cs.meta","59","FCF82472A4E3A2665B1BD2136CC2254EB2B953A7029AF10891F99B82362DE56D"
"01_SOURCE_CODE/UnityProject/Assets/Scripts/Autonomy/Provisioning/PlaceTargetSeeder.cs","4957","AACD45894CC176FB90B7DF59AB60DB1F4701E432D76DC6A139E736710461D0D9"
"01_SOURCE_CODE/UnityProject/Assets/Scripts/Autonomy/Provisioning/PlaceTargetSeeder.cs.meta","59","58F370869E973F0B568A283243809029FDE205278FA04D916519B1DE358C6691"
"01_SOURCE_CODE/UnityProject/Assets/Scripts/Autonomy/Services.meta","172","B742F2F7B26BE7EAC4025B21B2D7582A806F86B3610CC86844F79A643F0A53D2"
"01_SOURCE_CODE/UnityProject/Assets/Scripts/Autonomy/Services/IASRService.cs","402","8E0612D1368C202ED8E5C3EC2C2E1CC5A8ED5346D6DED7D62B65F78307E20CB2"
"01_SOURCE_CODE/UnityProject/Assets/Scripts/Autonomy/Services/IASRService.cs.meta","59","B3CCDD4BA0485544389CEE66C344FEC106539FC217EBFB6DFC1E5376F8977C56"
"01_SOURCE_CODE/UnityProject/Assets/Scripts/Autonomy/Services/IManipulationService.cs","297","9587F0015D5804F769961880CD86134435D18294F28C3E02EFE383F24FC1268E"
"01_SOURCE_CODE/UnityProject/Assets/Scripts/Autonomy/Services/IManipulationService.cs.meta","59","9D83A3853D14E2FFF904C0E2DFEF1945220828CB28A962B14081B13D4ACF7092"
"01_SOURCE_CODE/UnityProject/Assets/Scripts/Autonomy/Services/INavigationService.cs","209","94FB8A5900055D5DBFA931F33426FF98B7A6E0866C21393C01020DE5809BB4EE"
"01_SOURCE_CODE/UnityProject/Assets/Scripts/Autonomy/Services/INavigationService.cs.meta","59","6E18C77801A124213121DA84A3A8CC96C3EE17D9BD8825B85EC1324D430FD392"
"01_SOURCE_CODE/UnityProject/Assets/Scripts/Autonomy/Services/ISafetyService.cs","119","077D85B76F309008E58816D2CE698B67A9B0040891D0D93075AF477B5CFE42C4"
"01_SOURCE_CODE/UnityProject/Assets/Scripts/Autonomy/Services/ISafetyService.cs.meta","59","BB4B5FEE92D1BC89425F1373721DFE3B8E4C0060B83E03FEEDC81C7B6AD3461D"
"01_SOURCE_CODE/UnityProject/Assets/Scripts/Autonomy/Services/ManipulationServiceStub.cs","2386","EF3801BE4D2705AA5259E1BF05BC952C37A58DDD1EE78E7C6F358B2773FDFBBD"
"01_SOURCE_CODE/UnityProject/Assets/Scripts/Autonomy/Services/ManipulationServiceStub.cs.meta","59","1FAB78C7AA49A221610B7A534539E8BDBD8A87D2BC50EA0263E8A568326C1B84"
"01_SOURCE_CODE/UnityProject/Assets/Scripts/Autonomy/Services/ManualTranscriptASRService.cs","3491","21E9D98820C2F9D5235823A056314E9A23AC4E0160C5EF24E2B01D6B1106E82D"
"01_SOURCE_CODE/UnityProject/Assets/Scripts/Autonomy/Services/ManualTranscriptASRService.cs.meta","59","DE2B599CAE1BC4406136A3CFD5CB472EC24FF5023D837254A5A5129AD25D06DC"
"01_SOURCE_CODE/UnityProject/Assets/Scripts/Autonomy/Services/NavigationServiceStub.cs","1593","54D050CC816EBD8F8F588F893515E93072A44A385A9025E3DD8A113FA518E45B"
"01_SOURCE_CODE/UnityProject/Assets/Scripts/Autonomy/Services/NavigationServiceStub.cs.meta","59","A5349807B5E0F66CFC5AF2FB89F06CFB3C5293C294C4625624FAA5F84A8A189C"
"01_SOURCE_CODE/UnityProject/Assets/Scripts/Autonomy/Services/SafetyServiceStub.cs","243","13C068BAF1780E70C2F984F12088757CFCC5701494AFE7F910C934DAB89A3B5C"
"01_SOURCE_CODE/UnityProject/Assets/Scripts/Autonomy/Services/SafetyServiceStub.cs.meta","59","EB2E4E59B4749E2C4530C07929266C29BDD810CA71D69110C8627A759DB00013"
"01_SOURCE_CODE/UnityProject/Assets/Scripts/Autonomy/UnityIntegration.meta","172","F431172922B73F25DE7C85AD2BAD1B8C092FDBC380251286BF3CF4D415E2DF07"
"01_SOURCE_CODE/UnityProject/Assets/Scripts/Autonomy/UnityIntegration/ActiveRoundBoxRegistry.cs","1816","1277E363BFBC6E99592636F069B6DFA8646C5FFD4B745749901D431647957850"
"01_SOURCE_CODE/UnityProject/Assets/Scripts/Autonomy/UnityIntegration/ActiveRoundBoxRegistry.cs.meta","59","A77665B6B140F6FC194A29B1C1EEA2EC15748126C4857638BE8AE9ECF5071E39"
"01_SOURCE_CODE/UnityProject/Assets/Scripts/Autonomy/UnityIntegration/ASRDebugOptions.cs","445","7D4C6C6B3B7CDD31E2473B25CD2FCB19563B371EBE4035927B131892565E86C8"
"01_SOURCE_CODE/UnityProject/Assets/Scripts/Autonomy/UnityIntegration/ASRDebugOptions.cs.meta","59","5CF786849226B4F1F4F1ED1682676C54C1DEA6A06DB3D842AAC0E3783CABFDF5"
"01_SOURCE_CODE/UnityProject/Assets/Scripts/Autonomy/UnityIntegration/AsrDiagnosticArtifactLocator.cs","1360","FBFE6792A7C10D320443C34DE3576CB419ACA9BDC06A987B18453DA4177B0360"
"01_SOURCE_CODE/UnityProject/Assets/Scripts/Autonomy/UnityIntegration/AsrDiagnosticArtifactLocator.cs.meta","243","AC4B349B03C4BFDDBBE7BDD1EE90FD74A66C2952E985AC7A312073DFB9C71DB5"
"01_SOURCE_CODE/UnityProject/Assets/Scripts/Autonomy/UnityIntegration/AsrDiagnosticRecorder.cs","12063","A63AACC14F4B01E84C98943A293F788A1DAC6EDD58815E404D7BEC79EBEA9E45"
"01_SOURCE_CODE/UnityProject/Assets/Scripts/Autonomy/UnityIntegration/AsrDiagnosticRecorder.cs.meta","243","4DEA9C266553E5CC8D86B30556C7F1BADC32F399A3F1CE33C2E17821457DA1CB"
"01_SOURCE_CODE/UnityProject/Assets/Scripts/Autonomy/UnityIntegration/ASRWavWriter.cs","2083","91A04FB64713335B1DACEC90DB7507C187422C131FD6DCF294648863EAEA4E8A"
"01_SOURCE_CODE/UnityProject/Assets/Scripts/Autonomy/UnityIntegration/ASRWavWriter.cs.meta","59","475783052A222227B70946F79DC2964E96D46A478BF55D30C993CBD5930F9E6A"
"01_SOURCE_CODE/UnityProject/Assets/Scripts/Autonomy/UnityIntegration/AudioClipTtsSpeechBackend.cs","9419","061716C46CF96726A5827F8BD25CAFE774CE8973D29E2E84EEF0697C86426824"
"01_SOURCE_CODE/UnityProject/Assets/Scripts/Autonomy/UnityIntegration/AudioClipTtsSpeechBackend.cs.meta","59","FA864027EC96A9EB926F4B3BF3898259EBA49D8BF17053A388E580C6582AC894"
"01_SOURCE_CODE/UnityProject/Assets/Scripts/Autonomy/UnityIntegration/AutonomousRobotAdapter.cs","171997","BA56296971D5023B4837A33281862153A278CC3DC8D732AA0E516AE8E5978A6E"
"01_SOURCE_CODE/UnityProject/Assets/Scripts/Autonomy/UnityIntegration/AutonomousRobotAdapter.cs.meta","59","90A6A9DC3D23E17AC28E8F9645BB2CFB62898222AE577170C54472736FA10AE6"
"01_SOURCE_CODE/UnityProject/Assets/Scripts/Autonomy/UnityIntegration/AutonomyDemoController.cs","2143","A6A0E97659D69FF44D068ED3914A253575831079247502CA311AAAAEAD9B2481"
"01_SOURCE_CODE/UnityProject/Assets/Scripts/Autonomy/UnityIntegration/AutonomyDemoController.cs.meta","59","4E68FE24424E418C0B91E0317018C3374ACB0007628ABCC351FB7EA78B0E29C7"
"01_SOURCE_CODE/UnityProject/Assets/Scripts/Autonomy/UnityIntegration/DebugVoiceUserFeedbackSink.cs","1373","E0DAE797FCE6918DA548F25D5B6B4AD9E36F57B019AE7F20BAE7064126C7E33A"
"01_SOURCE_CODE/UnityProject/Assets/Scripts/Autonomy/UnityIntegration/DebugVoiceUserFeedbackSink.cs.meta","59","DAB461BC7D417035D17D59EB6EBDCA51C7EF9B35532C042FC15040BF40D16DBD"
"01_SOURCE_CODE/UnityProject/Assets/Scripts/Autonomy/UnityIntegration/DepositZoneSlotAllocator.cs","38738","894E2C2EA2766EEEA711D8A140AC5D0678F49BF51931860FD82D6539209BC729"
"01_SOURCE_CODE/UnityProject/Assets/Scripts/Autonomy/UnityIntegration/DepositZoneSlotAllocator.cs.meta","59","A613D2E4B0D2A858B64F39FC560150DDFC79CD6611D9DB76E67A56437CD45A27"
"01_SOURCE_CODE/UnityProject/Assets/Scripts/Autonomy/UnityIntegration/DynamicPlacePoseOverrideRegistry.cs","3363","901368FE3C2ABE0865686AACECB9EE9DBDBFCD3A88EDD5A43E34AB733E68A424"
"01_SOURCE_CODE/UnityProject/Assets/Scripts/Autonomy/UnityIntegration/DynamicPlacePoseOverrideRegistry.cs.meta","59","78FCA2B7675E231994025551D184933EB7BB7AD4E4F9999A5E896E7047F98188"
"01_SOURCE_CODE/UnityProject/Assets/Scripts/Autonomy/UnityIntegration/ExperimentConditionConfigBehaviour.cs","4321","4B290AF8E6A9D831BF5CD3394E2EFB0F5253D4CC53C7A735C031C03B8DFBAC70"
"01_SOURCE_CODE/UnityProject/Assets/Scripts/Autonomy/UnityIntegration/ExperimentConditionConfigBehaviour.cs.meta","59","8B75A2EA66BCE0CF8B288B758FD4BE6549C8CE414727557B66C645DE1928992E"
"01_SOURCE_CODE/UnityProject/Assets/Scripts/Autonomy/UnityIntegration/ExperimentConditionOrderAssignmentStore.cs","14901","D5D04B8EE317FE5B3164ABFB61ADB6E6F73D4FC7171929097E0AFD2C0AC14C61"
"01_SOURCE_CODE/UnityProject/Assets/Scripts/Autonomy/UnityIntegration/ExperimentConditionOrderAssignmentStore.cs.meta","60","4312856DFB51B37CACE1E58DB8DABE890A61F7AA173AE2F4BE27EA8A47DC1889"
"01_SOURCE_CODE/UnityProject/Assets/Scripts/Autonomy/UnityIntegration/ExperimentDataPathResolver.cs","65517","22BF010C2AE484AC0EBA0A3A13C9EC19B4171CD36C2BAFA155A45CBF0DF7525D"
"01_SOURCE_CODE/UnityProject/Assets/Scripts/Autonomy/UnityIntegration/ExperimentDataPathResolver.cs.meta","243","BBF70D61ACB903BECD822A3746E91EDD756D54BD75C851811E20AC4D0A4A7996"
"01_SOURCE_CODE/UnityProject/Assets/Scripts/Autonomy/UnityIntegration/ExperimentGlobalInstructionsAndCompletionModels.cs","8269","061F993C05BE1780DA280557D5212C5125E1F2BBE042787B34DD959EEAE41C83"
"01_SOURCE_CODE/UnityProject/Assets/Scripts/Autonomy/UnityIntegration/ExperimentGlobalInstructionsAndCompletionModels.cs.meta","243","193E13A76AAB0212815F0986A8F8170A31BCEA93EB51C1442DD13DA29C6923BD"
"01_SOURCE_CODE/UnityProject/Assets/Scripts/Autonomy/UnityIntegration/ExperimentGlobalInstructionsAudioPlayer.cs","6619","F6291C1F952BC7100F8CF01A75CEF4CD23D3EF4F57C937C1E9A844DF9C9078A9"
"01_SOURCE_CODE/UnityProject/Assets/Scripts/Autonomy/UnityIntegration/ExperimentGlobalInstructionsAudioPlayer.cs.meta","243","D9EA8693F50219CC84A841402B3B9AAB243BC85B81495CC775818FEFE1ADCA29"
"01_SOURCE_CODE/UnityProject/Assets/Scripts/Autonomy/UnityIntegration/ExperimentHistoryTableLayout.cs","3216","A6B752ABEF87764724C9C87A191710DEEEB498932D7A80584C8929CBD5ACCE32"
"01_SOURCE_CODE/UnityProject/Assets/Scripts/Autonomy/UnityIntegration/ExperimentHistoryTableLayout.cs.meta","60","72174364D98F6EEDCD0A2AE1DFDB339270F9A60107EB0573E89071E4C1359FCE"
"01_SOURCE_CODE/UnityProject/Assets/Scripts/Autonomy/UnityIntegration/ExperimentInstrumentationController.cs","78628","A55B5CF4DF2A9198414D3F1BEE28CE4FD78A37DFE54DFF953F0794B94232D33F"
"01_SOURCE_CODE/UnityProject/Assets/Scripts/Autonomy/UnityIntegration/ExperimentInstrumentationController.cs.meta","59","313FD1A72698340D1DC09B7CD7C3DB86503974C01D90EBBE120CCD0B99693F1B"
"01_SOURCE_CODE/UnityProject/Assets/Scripts/Autonomy/UnityIntegration/ExperimentLocomotionStateGuard.cs","20823","ACCC641FC5B4873F26EE86317E3C50BDC20DEBE4A9DA1E9827F6A187EBD3373E"
"01_SOURCE_CODE/UnityProject/Assets/Scripts/Autonomy/UnityIntegration/ExperimentLocomotionStateGuard.cs.meta","60","1BE537B5A57ABFF96B488994FF1165C01DB875AE48557D6268149AF6F9C2563E"
"01_SOURCE_CODE/UnityProject/Assets/Scripts/Autonomy/UnityIntegration/ExperimentPauseButtonClickTracer.cs","3886","67CE2FFC09FF5263946C1B94FCA33F83D49B3DB29E1B51164854A3091F3DBE80"
"01_SOURCE_CODE/UnityProject/Assets/Scripts/Autonomy/UnityIntegration/ExperimentPauseButtonClickTracer.cs.meta","59","0C82582DE6C7B4ABB89AC0E9607F3E57C289B8A88C1B1989CCF86012EAF6F390"
"01_SOURCE_CODE/UnityProject/Assets/Scripts/Autonomy/UnityIntegration/ExperimentPauseFrontCanvasPointerBridge.cs","48925","22F13F43C4D427CBA76A917BD696AABC98F04BCA06C7DD634BD5C5E1293911A4"
"01_SOURCE_CODE/UnityProject/Assets/Scripts/Autonomy/UnityIntegration/ExperimentPauseFrontCanvasPointerBridge.cs.meta","60","10B197F594CEDF6AE304B566FA4C47EB33573C15386C5C1F904659A6A944913F"
"01_SOURCE_CODE/UnityProject/Assets/Scripts/Autonomy/UnityIntegration/ExperimentPauseInputDeviceResolver.cs","5424","74689CF62B8DC4F2ACF3A6D0DC522BBE42BBDCFAF5DC21276AAE3C58BFD0AEE4"
"01_SOURCE_CODE/UnityProject/Assets/Scripts/Autonomy/UnityIntegration/ExperimentPauseInputDeviceResolver.cs.meta","59","ADE5E81C00FD1FBE6EAC5427D9FF87718494BC0526545B184FAA8277D79A4248"
"01_SOURCE_CODE/UnityProject/Assets/Scripts/Autonomy/UnityIntegration/ExperimentPauseMenuStateMachine.cs","3183","E5D1D298B75DCC94D7FD52EC0F4D3EDE63A45488BE0D4C13B5B4AE14C4FC7BC3"
"01_SOURCE_CODE/UnityProject/Assets/Scripts/Autonomy/UnityIntegration/ExperimentPauseMenuStateMachine.cs.meta","59","F9EB4ACE670DD00AF51E8B3D17F7EFB8BED451E1F1D075318044084943DC36B4"
"01_SOURCE_CODE/UnityProject/Assets/Scripts/Autonomy/UnityIntegration/ExperimentRuntimeButtonUtility.cs","3282","EFF383B7348DCBDFD732DC41394AAE55A34252B4F293B32B260527C0F3E7A272"
"01_SOURCE_CODE/UnityProject/Assets/Scripts/Autonomy/UnityIntegration/ExperimentRuntimeButtonUtility.cs.meta","59","5E3C2A0A3D7572F247C0F082B4A4394E6B5F1A2BAE0A50869BB0AD9BDD431F1D"
"01_SOURCE_CODE/UnityProject/Assets/Scripts/Autonomy/UnityIntegration/ExperimentRuntimePauseCoordinator.cs","21222","6835A665D4FEEC854A289B27C4A1E35EFAA400D598129969327E511C5E6E7A4F"
"01_SOURCE_CODE/UnityProject/Assets/Scripts/Autonomy/UnityIntegration/ExperimentRuntimePauseCoordinator.cs.meta","60","BE5ED4CCBF026E1662C786A67018B53420921FBA5C86BE2E8F8E472A240EF964"
"01_SOURCE_CODE/UnityProject/Assets/Scripts/Autonomy/UnityIntegration/ExperimentSavedExitPromptButtonClickTracer.cs","3688","9782E296A58F740EACA994456FA1B690C909E80133410C25DF59A50A89C81CE2"
"01_SOURCE_CODE/UnityProject/Assets/Scripts/Autonomy/UnityIntegration/ExperimentSavedExitPromptButtonClickTracer.cs.meta","60","DB967209C2CD379116490DD3C7ECAEAC3F4680C03AB28532C31999240BF58DC5"
"01_SOURCE_CODE/UnityProject/Assets/Scripts/Autonomy/UnityIntegration/ExperimentSavedExitResumePromptState.cs","4587","A6D9FD2C6EF73D7C77AB846C6E30E6CE6B3ED3943F6AA5F99EA7C6DD30CE1399"
"01_SOURCE_CODE/UnityProject/Assets/Scripts/Autonomy/UnityIntegration/ExperimentSavedExitResumePromptState.cs.meta","60","C0DAB42A86F8D4D6610EA53EDEDD15C39E9D5EF6AE1CF67D20BC3FCB0CAF1592"
"01_SOURCE_CODE/UnityProject/Assets/Scripts/Autonomy/UnityIntegration/ExperimentSessionIdHistoryStore.cs","44957","77FF39092F99EBB2F37445F869D5AB8380E39BF9625F898A9D4B9DCF2A004B0C"
"01_SOURCE_CODE/UnityProject/Assets/Scripts/Autonomy/UnityIntegration/ExperimentSessionIdHistoryStore.cs.meta","59","18639F770B08A4034E689777A028CE9A34CECBBA2839CC5411C1D7A809818F8C"
"01_SOURCE_CODE/UnityProject/Assets/Scripts/Autonomy/UnityIntegration/ExperimentSimulationPauseAuthority.cs","15362","48CEC364DCDAF96A69CB5DB0CFD9F9C97B52FC22252D4453509D11A15E144E06"
"01_SOURCE_CODE/UnityProject/Assets/Scripts/Autonomy/UnityIntegration/ExperimentSimulationPauseAuthority.cs.meta","60","C4E98492618434E2BB8FB57C00C58AF73E68686026A92BAD8CD08046F7169AF8"
"01_SOURCE_CODE/UnityProject/Assets/Scripts/Autonomy/UnityIntegration/ExperimentStartSceneXrPoseAligner.cs","63778","D478CB843C392A4819D9E782B1399A643452A644F82764781398E14C2049EF6D"
"01_SOURCE_CODE/UnityProject/Assets/Scripts/Autonomy/UnityIntegration/ExperimentStartSceneXrPoseAligner.cs.meta","60","1EC339880EBF3E29CC5ADDF6707D92042D20E4CC8C0F522777074B9DC0FFBA01"
"01_SOURCE_CODE/UnityProject/Assets/Scripts/Autonomy/UnityIntegration/ExperimentVoicePipelineBootstrap.cs","24489","D245D96D5D20B6778A5BD4898155CE7C35EEE0C06767016E6EC924951FA164AB"
"01_SOURCE_CODE/UnityProject/Assets/Scripts/Autonomy/UnityIntegration/ExperimentVoicePipelineBootstrap.cs.meta","243","49955E5C76A540F9F435ABFE2D79A025D224FB4B1E520A5E6DAB2C801A84E927"
"01_SOURCE_CODE/UnityProject/Assets/Scripts/Autonomy/UnityIntegration/ExperimentXrRigResetter.cs","31185","1BC841B07AB3D34BB9B2928C2570798B16534E4C0A722BD8B35051A809F3DE75"
"01_SOURCE_CODE/UnityProject/Assets/Scripts/Autonomy/UnityIntegration/ExperimentXrRigResetter.cs.meta","59","5F9B74C9DB7777FD7096E38800596C25F60BE99E11B01B2949D4F378ABCF6792"
"01_SOURCE_CODE/UnityProject/Assets/Scripts/Autonomy/UnityIntegration/IUnityAudioASRBackend.cs","606","82E43E2AF97A051239E4C2F5A9B968FEE366C31F858EDAB15C22B90A70B22060"
"01_SOURCE_CODE/UnityProject/Assets/Scripts/Autonomy/UnityIntegration/IUnityAudioASRBackend.cs.meta","240","830EB06146C4E0466DEF66276CD1FE0DEFF769C03278EE9D9F814E8A0A42A18E"
"01_SOURCE_CODE/UnityProject/Assets/Scripts/Autonomy/UnityIntegration/MultimodalAutonomyCommandBridge.cs","68276","FF1CE9BFC8C4EA2641AC216747A0FCF8441D903FFC77037C778F1617DB749F9E"
"01_SOURCE_CODE/UnityProject/Assets/Scripts/Autonomy/UnityIntegration/MultimodalAutonomyCommandBridge.cs.meta","59","E72E766B4B202D79ADFD6DADAC4116FA45924537106CC90FBABAE0F7F8CF382A"
"01_SOURCE_CODE/UnityProject/Assets/Scripts/Autonomy/UnityIntegration/MultimodalPlaceTargetRegistry.cs","5052","DC4F2935D3FB5BF38DFE06A5A603820C61AC8522808379D2E08A5B7C9A4EBA27"
"01_SOURCE_CODE/UnityProject/Assets/Scripts/Autonomy/UnityIntegration/MultimodalPlaceTargetRegistry.cs.meta","59","63DB82430189404919FB9EEDD1ACC47E10FAAD79431456BC28B03B051F0E1044"
"01_SOURCE_CODE/UnityProject/Assets/Scripts/Autonomy/UnityIntegration/NavigationTargetView.cs","12343","AA49DBE6C228BB7D26A158F238BFE7F7CED716CAF7BAC2DC58544D618518BBFF"
"01_SOURCE_CODE/UnityProject/Assets/Scripts/Autonomy/UnityIntegration/NavigationTargetView.cs.meta","59","FF48D8EC045A6BDD3E23DAEE8962971FB399022218021828E3260517AD3536C6"
"01_SOURCE_CODE/UnityProject/Assets/Scripts/Autonomy/UnityIntegration/NavMeshNavigationService.cs","3241","5F056F117FB7FE3C11393BCBCFC904419A77DF0128D04D4C8718AD3094F098F7"
"01_SOURCE_CODE/UnityProject/Assets/Scripts/Autonomy/UnityIntegration/NavMeshNavigationService.cs.meta","59","B2E9AC56DDC3C9346A8ECDFB617DC62EDB5428273E3FD1322191EE72E54CF8C4"
"01_SOURCE_CODE/UnityProject/Assets/Scripts/Autonomy/UnityIntegration/NavMeshRouteCostEstimator.cs","1808","F443D25728E02A1E87226D55F8EAB5945B888E90201746C80D0500C85EB23B96"
"01_SOURCE_CODE/UnityProject/Assets/Scripts/Autonomy/UnityIntegration/NavMeshRouteCostEstimator.cs.meta","59","1F687DC35D7178FD1FABA2FDC46752F25EF7E24C5ADCAFEBC880FB5FBEE7C731"
"01_SOURCE_CODE/UnityProject/Assets/Scripts/Autonomy/UnityIntegration/P40NavTraceDiagnostics.cs","17615","459826984234DA4A09963EE000B3C4CC34D65B64499C8C7245D92B0FFA72CC4F"
"01_SOURCE_CODE/UnityProject/Assets/Scripts/Autonomy/UnityIntegration/P40NavTraceDiagnostics.cs.meta","59","48720EE1419EEF543446665F807D2A8061952E770F37028F8759F520790DA3D0"
"01_SOURCE_CODE/UnityProject/Assets/Scripts/Autonomy/UnityIntegration/PickupApproachCandidate.cs","44365","33441FF0FAA481270840043EDEE68EF057AA5B64C0C63EF01A393C9157C47C66"
"01_SOURCE_CODE/UnityProject/Assets/Scripts/Autonomy/UnityIntegration/PickupApproachCandidate.cs.meta","59","226F83747C98C406FC71BAAD71814AC153002EF00D9CC076B6400AF7B4BC4A8C"
"01_SOURCE_CODE/UnityProject/Assets/Scripts/Autonomy/UnityIntegration/QuestionnaireCodeGenerator.cs","8409","D1DAF59F5CAFFDD53B616A7CF0D55FD04D550358A541B2CC299455EC1A287C8A"
"01_SOURCE_CODE/UnityProject/Assets/Scripts/Autonomy/UnityIntegration/QuestionnaireCodeGenerator.cs.meta","59","7874576D18B0C33E2376E90C886FBCA1D21A59171DD8C20BD5C59620486841EF"
"01_SOURCE_CODE/UnityProject/Assets/Scripts/Autonomy/UnityIntegration/RobotAssistanceRoundCoordinator.cs","176454","0EE270E495266816A343A4C9EE47F1F78AB32E7AD65B76F63107D0E778FD6C3D"
"01_SOURCE_CODE/UnityProject/Assets/Scripts/Autonomy/UnityIntegration/RobotAssistanceRoundCoordinator.cs.meta","59","F76B2362029F993D986527509F5E804B7D657B1909E657A73DBE66261E156D65"
"01_SOURCE_CODE/UnityProject/Assets/Scripts/Autonomy/UnityIntegration/RobotVoiceFeedbackDiagnosticRecorder.cs","6794","AC85F26EF0E6E73C35F08C0685D3F28E4A751B6A48C1D0B42E302806668124F5"
"01_SOURCE_CODE/UnityProject/Assets/Scripts/Autonomy/UnityIntegration/RobotVoiceFeedbackDiagnosticRecorder.cs.meta","60","F7A60F59E524E6400CA70D62B074F542C05689165DBCC73776D2AD1EF1331EDB"
"01_SOURCE_CODE/UnityProject/Assets/Scripts/Autonomy/UnityIntegration/RuntimeHotkeyInput.cs","7501","871EA063620C5DB279ABEAB039CCA28EAC9B0C3B809804542E5DA28AA68CEAB0"
"01_SOURCE_CODE/UnityProject/Assets/Scripts/Autonomy/UnityIntegration/RuntimeHotkeyInput.cs.meta","240","BAAC78832D91BCD2D472A9F4C92FAE801F6FEDE45C6CE8E7D7EB2782C9CD50FB"
"01_SOURCE_CODE/UnityProject/Assets/Scripts/Autonomy/UnityIntegration/RuntimeSafetyToggle.cs","2063","F9F585AE578BFF332CBF9C7387785191E0DD31E731B17F85FA2DEDC7DDD1A619"
"01_SOURCE_CODE/UnityProject/Assets/Scripts/Autonomy/UnityIntegration/RuntimeSafetyToggle.cs.meta","59","688E485FEDA5EF60B0737A83E9335740304B42A799161D1CFAC0A941B061AF63"
"01_SOURCE_CODE/UnityProject/Assets/Scripts/Autonomy/UnityIntegration/SherpaOnnxAndroidDecodeWorker.cs","29886","F5ABDE0C8251C2D0FD4097E0074D79525AC48C57D4ACCEDA8A95B54DA76B5B98"
"01_SOURCE_CODE/UnityProject/Assets/Scripts/Autonomy/UnityIntegration/SherpaOnnxAndroidDecodeWorker.cs.meta","59","489608119C1381BE3C9740137AA5576D3333F0F26597241165B3D58653F9571C"
"01_SOURCE_CODE/UnityProject/Assets/Scripts/Autonomy/UnityIntegration/SherpaOnnxAndroidRecognizerBridge.cs","28026","19A389DDCB1131DE3FB5CF97E4F85656269058E495653BF695E3E9FF63D03AC5"
"01_SOURCE_CODE/UnityProject/Assets/Scripts/Autonomy/UnityIntegration/SherpaOnnxAndroidRecognizerBridge.cs.meta","59","97A03C07A7B061E6C9228F036145D83947FF015EFDAB4CC481C08BFCA5DA593B"
"01_SOURCE_CODE/UnityProject/Assets/Scripts/Autonomy/UnityIntegration/SherpaOnnxASRBackend.cs","106512","3B0D842FAAE6ACFBF7A27CAEE55A0BF11E22F1B811E845DE31707B6A34E16F90"
"01_SOURCE_CODE/UnityProject/Assets/Scripts/Autonomy/UnityIntegration/SherpaOnnxASRBackend.cs.meta","240","A62DE708BF8532A4F7EDB5B55A450852ED71EB0F1CC3C18772760C6593766B56"
"01_SOURCE_CODE/UnityProject/Assets/Scripts/Autonomy/UnityIntegration/SherpaOnnxBackendOptions.cs","7335","6BC183808EAFC92BAF2365303AC47906424AB2117883B9D48424C75C16A3F1D0"
"01_SOURCE_CODE/UnityProject/Assets/Scripts/Autonomy/UnityIntegration/SherpaOnnxBackendOptions.cs.meta","240","36FE4F1B52AD83B7AC1FD797DA67DA4C915A0B6DB7331C0BA9F2250C54BFD723"
"01_SOURCE_CODE/UnityProject/Assets/Scripts/Autonomy/UnityIntegration/StructuredTtsFeedbackSink.cs","61713","AE2643C6A85E267EEE8CBB3261AFA1097842463C3B8CA6EF3D5701A2D7001F19"
"01_SOURCE_CODE/UnityProject/Assets/Scripts/Autonomy/UnityIntegration/StructuredTtsFeedbackSink.cs.meta","59","650534278FC82225ACCC332BBC13BA2A584CD9BFCFA93114C6974A481BD076ED"
"01_SOURCE_CODE/UnityProject/Assets/Scripts/Autonomy/UnityIntegration/TiagoCollisionDiagnostics.cs","43289","497569648A85C5026FA6E28E88FFEBF65514C2C9435A33F2487CBF4B22BDCC65"
"01_SOURCE_CODE/UnityProject/Assets/Scripts/Autonomy/UnityIntegration/TiagoCollisionDiagnostics.cs.meta","59","743A64830A9BAAF9A946375849EA9D98209A8EAB59E635BAEAFB2B457BCAECA2"
"01_SOURCE_CODE/UnityProject/Assets/Scripts/Autonomy/UnityIntegration/TiagoDifferentialDriveBridge.cs","20215","8DAA9DA0B45DDFD5771DB73BD6BA6C713B473156F5B803452D5CF605522511F3"
"01_SOURCE_CODE/UnityProject/Assets/Scripts/Autonomy/UnityIntegration/TiagoDifferentialDriveBridge.cs.meta","59","E666B59DBB13561F40E680C960BAE50DE97421E7001245785C63976BF654A619"
"01_SOURCE_CODE/UnityProject/Assets/Scripts/Autonomy/UnityIntegration/TiagoDifferentialDriveDiagnostics.cs","60841","13186BA5F451F8CDBDE324922DB26BDC0A72872873A480E82135A2F72A7173A0"
"01_SOURCE_CODE/UnityProject/Assets/Scripts/Autonomy/UnityIntegration/TiagoDifferentialDriveDiagnostics.cs.meta","59","C245624A47F983E7B8E8331D309F85A678CA3E49882636178E393629EC792A98"
"01_SOURCE_CODE/UnityProject/Assets/Scripts/Autonomy/UnityIntegration/TiagoDriveProfile.cs","7361","D56F24614CC6A4074066194FE9CC405C9199FC727D1845D98D3CAF45C23B094C"
"01_SOURCE_CODE/UnityProject/Assets/Scripts/Autonomy/UnityIntegration/TiagoDriveProfile.cs.meta","59","EB03BB702795D266B01A3F577C51478DA7F1F66AB4FC0CB0B3FDEFFBBF68C2AE"
"01_SOURCE_CODE/UnityProject/Assets/Scripts/Autonomy/UnityIntegration/TiagoExperimentLogger.cs","128564","37836DEF75A941472F4B86D4D22C2B529A5B4FC808674AA25C48C3F92EB61579"
"01_SOURCE_CODE/UnityProject/Assets/Scripts/Autonomy/UnityIntegration/TiagoExperimentLogger.cs.meta","59","2854E6B1C409C1F0717354DCC1F6D09B830ACA07AFB1EAA76792A0E10729A40C"
"01_SOURCE_CODE/UnityProject/Assets/Scripts/Autonomy/UnityIntegration/TiagoExperimentTelemetry.cs","14205","8040EC6C24446165D700643013842D65A57F421E5C49CE6ECD12FE30E852A90A"
"01_SOURCE_CODE/UnityProject/Assets/Scripts/Autonomy/UnityIntegration/TiagoExperimentTelemetry.cs.meta","59","F6A8F3B982B3554E1BE8D50FDAE3E82EDFF66FBC3C7E174C756A70069EB10763"
"01_SOURCE_CODE/UnityProject/Assets/Scripts/Autonomy/UnityIntegration/TiagoLocomotionControlGate.cs","4585","F9017C382348E91197C9C0458DFF5AAC311E41166E5700667F6096647ADEA0FB"
"01_SOURCE_CODE/UnityProject/Assets/Scripts/Autonomy/UnityIntegration/TiagoLocomotionControlGate.cs.meta","59","A425281DDCB26BA4FFBD3BDED8F780EBD26BC3310C94367B0DCFCB07143B927B"
"01_SOURCE_CODE/UnityProject/Assets/Scripts/Autonomy/UnityIntegration/TiagoNavMeshNavigationService.cs","317344","63FE39C7AEE456D1A4B0C7D0CCCD407A418A55701B26541D12BA1CCFC30252A1"
"01_SOURCE_CODE/UnityProject/Assets/Scripts/Autonomy/UnityIntegration/TiagoNavMeshNavigationService.cs.meta","59","1920250561A1CB3B674DF91D3AE630E645C4BBBB77836E269ECF0F7FDC64B849"
"01_SOURCE_CODE/UnityProject/Assets/Scripts/Autonomy/UnityIntegration/TiagoTeleopOverride.cs","13457","CB0DEEE8A6004F5AFE0ACCBD74B8A708748B6D07B7C700BF98B3B23829665630"
"01_SOURCE_CODE/UnityProject/Assets/Scripts/Autonomy/UnityIntegration/TiagoTeleopOverride.cs.meta","59","9A009D93F77C117D35D97E5E9DDCCD168E732962B73BEC7D675769E1B5CBD071"
"01_SOURCE_CODE/UnityProject/Assets/Scripts/Autonomy/UnityIntegration/TiagoUnityManipulationService.cs","112196","5D8A8662C059B19BF16A91DDEF344F68E39BFC4E4D0D28EB707C55AB668FF787"
"01_SOURCE_CODE/UnityProject/Assets/Scripts/Autonomy/UnityIntegration/TiagoUnityManipulationService.cs.meta","60","288E809E614021C7227628B8FFD9E21BC8C3C432E71868A4000527A25F9710E8"
"01_SOURCE_CODE/UnityProject/Assets/Scripts/Autonomy/UnityIntegration/UnityMicrophoneASRService.cs","33067","C333CA89D67853DA7FF0F2BAD2DD151C52513BF5BBEAF9C1B71465A63734BC4F"
"01_SOURCE_CODE/UnityProject/Assets/Scripts/Autonomy/UnityIntegration/UnityMicrophoneASRService.cs.meta","59","FC15877718B7845EB8E23908A419F4D3B1D4EE8D242208B0BAD2520416560A8B"
"01_SOURCE_CODE/UnityProject/Assets/Scripts/Autonomy/UnityIntegration/UnityScenePerceptionService.cs","15832","61251A40F6A783C886BA9E4C40237EDE42040944D6FA1754A365E9DF0A122F3C"
"01_SOURCE_CODE/UnityProject/Assets/Scripts/Autonomy/UnityIntegration/UnityScenePerceptionService.cs.meta","59","A36C9CEF1DA423B91434ABC2439E2DFAC4D7972F3A3A7FB0C34BA2BB17F7DE58"
"01_SOURCE_CODE/UnityProject/Assets/Scripts/Autonomy/UnityIntegration/VisualServiceDecorators.cs","2798","2CE3DB025039A6FD8A7E0BF42E16FF236A0CD66ED544E19D8EDB33D80A9DE104"
"01_SOURCE_CODE/UnityProject/Assets/Scripts/Autonomy/UnityIntegration/VisualServiceDecorators.cs.meta","59","4FF416618CA09761AF8D6E257DEF68C1277CCABF22F5FBD4FFC48433CF09AA82"
"01_SOURCE_CODE/UnityProject/Assets/Scripts/Autonomy/UnityIntegration/VoiceAutonomyCommandConnector.cs","66187","D33C6E3ACCF540639E713F3600E23A1B4D5EFB20986F107E42BA04114279CB92"
"01_SOURCE_CODE/UnityProject/Assets/Scripts/Autonomy/UnityIntegration/VoiceAutonomyCommandConnector.cs.meta","59","ED235F88EDE077B14AE4311B577CD5DA1D444B390A3A4F718E40B1CA6BC4509D"
"01_SOURCE_CODE/UnityProject/Assets/Scripts/Autonomy/UnityIntegration/VoiceRecognitionController.cs","136481","A3C2B69F80BB0C3365E3A9E3127D7B25DAF47FDD3F10FE6249B1A9B965FAFBE3"
"01_SOURCE_CODE/UnityProject/Assets/Scripts/Autonomy/UnityIntegration/VoiceRecognitionController.cs.meta","59","7A2FB5DC85E7D1B2883919707A730F917AB9A2FC37CDC8DC30871E875F353D9E"
"01_SOURCE_CODE/UnityProject/Assets/Scripts/Autonomy/UnityIntegration/WhisperModelConfiguration.cs","34080","8F550F6854DF7040A8643F922D210675CD62D5DE1B1FA882BF7D780C7321C044"
"01_SOURCE_CODE/UnityProject/Assets/Scripts/Autonomy/UnityIntegration/WhisperModelConfiguration.cs.meta","243","02005360F804CE1E311944EB16C348A7A7E48A22D314D594DD31DE01943AA706"
"01_SOURCE_CODE/UnityProject/Assets/Scripts/Autonomy/UnityIntegration/WhisperUnityReflectionClient.cs","21745","C59B19B9E590644D6C92DFA16DA099E79E16C17C94D2DD1CA5DD313DEED50AF3"
"01_SOURCE_CODE/UnityProject/Assets/Scripts/Autonomy/UnityIntegration/WhisperUnityReflectionClient.cs.meta","59","128EAAFBFB156DDD7784BFF632585D66C26CCCE3074C3F97C6A678EF070BA972"
"01_SOURCE_CODE/UnityProject/Assets/Scripts/BoxGrabStateSync.cs","1097","EB50C453A666C16D1FCD15BB3EFFCF9AC21D3B6866001112491E5193A93E55DA"
"01_SOURCE_CODE/UnityProject/Assets/Scripts/BoxGrabStateSync.cs.meta","59","D51E9354168D94523ACEAB31D8717124ED4D54D3CAE540F4114D21ACC7402287"
"01_SOURCE_CODE/UnityProject/Assets/Scripts/BoxMetadata.cs","4742","BC39139812194B3119A245E9E7BA2D5D3F49EE116AA19D69D63224D8A415B659"
"01_SOURCE_CODE/UnityProject/Assets/Scripts/BoxMetadata.cs.meta","59","731BC4F3659FFD51146B426A7B0EB694809C65EF16EA5CE8354C723146619EC0"
"01_SOURCE_CODE/UnityProject/Assets/Scripts/BoxReleaseVelocityLimiter.cs","2454","2B114D9E72A28544AE778FCE871AD7631A6A870EE8FC64CA1007B310F3DC36E1"
"01_SOURCE_CODE/UnityProject/Assets/Scripts/BoxReleaseVelocityLimiter.cs.meta","243","BA35185DEC9D5F7F23CEA0FF5ED1DD1A19E8C8B3B130A45C5BAEB770E2BDE18D"
"01_SOURCE_CODE/UnityProject/Assets/Scripts/BoxVisualSync.cs","22027","52D6FCEA1C4F4055C72AC86DF24F47B3C74BA917DC43F53CDCEBFCBCF4A6F6AA"
"01_SOURCE_CODE/UnityProject/Assets/Scripts/BoxVisualSync.cs.meta","59","04FBFDB0EB14DDE554C79CACBC55869354DA016A36FC48E04A08872136395E96"
"01_SOURCE_CODE/UnityProject/Assets/Scripts/ContactLogger.cs","827","BE42917343CBE7856847F3E316E75E2F21C81CF61BB87CB6981D91DC2A982CBF"
"01_SOURCE_CODE/UnityProject/Assets/Scripts/ContactLogger.cs.meta","59","1D1B6C3FEAEADC1B429908B7C2854C90F9C507FFB6A13A72C33252225BC3E585"
"01_SOURCE_CODE/UnityProject/Assets/Scripts/DepositZone.cs","9602","97FBD540F0DBE4B865B77C36A88C99EC312E5922115727A8073A055A48AD8286"
"01_SOURCE_CODE/UnityProject/Assets/Scripts/DepositZone.cs.meta","59","81AFED22D1E3D23FB74435ADD474BF1F961B875BC92DEFD3F6A007F44BC7CBDA"
"01_SOURCE_CODE/UnityProject/Assets/Scripts/ExperimentCanvasTypography.cs","2656","FEE1396462BEBA57381A3F3A658EA468B55C750B602D26D14827800CE9FB339E"
"01_SOURCE_CODE/UnityProject/Assets/Scripts/ExperimentCanvasTypography.cs.meta","243","AD28E25AD324131D0B53B6BD43EDCF745B0A5331DA56B0648601C0046C275A76"
"01_SOURCE_CODE/UnityProject/Assets/Scripts/ExperimentPauseMenuController.cs","88028","A1561B2A7FEEB886A249CED8B0F05BD4C1B1B0520EFFAEAEBCE8F0224F148229"
"01_SOURCE_CODE/UnityProject/Assets/Scripts/ExperimentPauseMenuController.cs.meta","59","FC17C4DB23382B8BA732C3A41BA32C96028C102AD2FEDEEDFFF97419883738F8"
"01_SOURCE_CODE/UnityProject/Assets/Scripts/ExperimentRuntimeProtocolUI.cs","165018","62F29761F93F3F76628F4FD4C9E0C7FDDF47347C4CE54E7F0A35EA62720E6C12"
"01_SOURCE_CODE/UnityProject/Assets/Scripts/ExperimentRuntimeProtocolUI.cs.meta","243","99D1E2B2DD2871B5FF1B1900D12C35A81342F29522790A2E58B14E46B36DC3D7"
"01_SOURCE_CODE/UnityProject/Assets/Scripts/ExperimentRuntimeStableProtocolUiPointer.cs","100506","4D7A7B15ACAAE2020DB1EE183B74DEAA1EC912225E080D228DFAEC37979FAF69"
"01_SOURCE_CODE/UnityProject/Assets/Scripts/ExperimentRuntimeStableProtocolUiPointer.cs.meta","59","BAE0A9FBECEE3BD87A8763B5B34429D4B278DB6C6FBC44D7F1FC2BDC1254A0ED"
"01_SOURCE_CODE/UnityProject/Assets/Scripts/ExperimentRuntimeStartScreenUI.cs","130551","6E101B94A3DE60C0A86144FEAF26A1A5225E0498ECFB0CCE68E9F79E0D7A335D"
"01_SOURCE_CODE/UnityProject/Assets/Scripts/ExperimentRuntimeStartScreenUI.cs.meta","240","D9734BA8AEBBA02416BF99C526F1B02E1D9763E41680E3DD30D24EAC7378C6C1"
"01_SOURCE_CODE/UnityProject/Assets/Scripts/ExperimentRuntimeUiRayInteractorBootstrap.cs","113927","D48333FC5660C1A1DC8EB45A98B7CEBB7436C37BEA394178679927D1D4490265"
"01_SOURCE_CODE/UnityProject/Assets/Scripts/ExperimentRuntimeUiRayInteractorBootstrap.cs.meta","240","4426794F7B3205199ABFA3B6127C0E46141B6C553D516BBAF76D8554980490B5"
"01_SOURCE_CODE/UnityProject/Assets/Scripts/ExperimentRuntimeXriPrefabDiagnostics.cs","156739","9DF17924F605AD510EA0A68834B1F1A4F513A054476524CBD3A34E0EEBF92AC6"
"01_SOURCE_CODE/UnityProject/Assets/Scripts/ExperimentRuntimeXriPrefabDiagnostics.cs.meta","59","623E45F6B8DA56CB5713D1CF1D39324EA77FB7DF15B8D892168334EB5D27FFB5"
"01_SOURCE_CODE/UnityProject/Assets/Scripts/ExperimentRuntimeXriRigTopologyDiagnostics.cs","53389","59C2BF44B7ACD4C7383A8941539820B3712116FBD8C8F6691350A1AE7C922806"
"01_SOURCE_CODE/UnityProject/Assets/Scripts/ExperimentRuntimeXriRigTopologyDiagnostics.cs.meta","59","485FA0F7CD32E4D4687001C70668CA558CB5C455DFAC0E59CBC9757B6E5E404D"
"01_SOURCE_CODE/UnityProject/Assets/Scripts/ExperimentRuntimeXrUiDiagnostics.cs","24418","2787641396B59374F66F1B013F364778641012AD53F683D18EB8B75ED2B02B50"
"01_SOURCE_CODE/UnityProject/Assets/Scripts/ExperimentRuntimeXrUiDiagnostics.cs.meta","59","BD979BEDA7C4A891E4096188D2A4547C80BB23EC7BC07635236B1266477C6517"
"01_SOURCE_CODE/UnityProject/Assets/Scripts/ExperimentRuntimeXrUiRayDiagnostic.cs","56227","374EC5C81A57D9D6B7EEFE275ED3E7F752C127EEE5CAB0007F132F001060EADC"
"01_SOURCE_CODE/UnityProject/Assets/Scripts/ExperimentRuntimeXrUiRayDiagnostic.cs.meta","240","F11FF301DC4C8B1920A3FF9868C2D255767B97585405F498A03DBB2384B07D74"
"01_SOURCE_CODE/UnityProject/Assets/Scripts/ExperimentSessionOrchestrator.cs","223371","F1D013CFB2D9E666C447999C2086FE5E4738AF8308BB8B508BE03E7AA06CA471"
"01_SOURCE_CODE/UnityProject/Assets/Scripts/ExperimentSessionOrchestrator.cs.meta","60","D78C5D6B4308BBD6A7A20F46372ED4F56D9577F988BCFB679F56B678E5E703AA"
"01_SOURCE_CODE/UnityProject/Assets/Scripts/ExperimentUiRaycastHitMarker.cs","23557","EB0B3C0E928E589F2634D834EE207649EC1CCF3F283733DB92DD81DB7E0DB255"
"01_SOURCE_CODE/UnityProject/Assets/Scripts/ExperimentUiRaycastHitMarker.cs.meta","60","7276503A7EB98E6FFD407343D416492518EEAB6F5B346A66FC542F72BD5A4A14"
"01_SOURCE_CODE/UnityProject/Assets/Scripts/FlyCamera.cs","2040","EEBE6ED5155D79822D3C6E1B9033433022C075EFB33E3E683DCFA19CC2717019"
"01_SOURCE_CODE/UnityProject/Assets/Scripts/FlyCamera.cs.meta","59","5D858D88D5A63744D1FBDEB204228DD67517A5036A86B95C8245A7FD729B00AA"
"01_SOURCE_CODE/UnityProject/Assets/Scripts/HandRemoteGrabDisabler.cs","4502","D2F83745C36469FBA5FE0FFB46E0E347D98F3134AB92B8FC26FD82F52C0C3C32"
"01_SOURCE_CODE/UnityProject/Assets/Scripts/HandRemoteGrabDisabler.cs.meta","59","05DCB94DA1F01A896E291B1C2E7A1FA017184002C8F7D7269EF254DA23C602AA"
"01_SOURCE_CODE/UnityProject/Assets/Scripts/ManualBoxGrabExclusivityBootstrap.cs","1196","15856BBFCC91C48F09D72F7FC7F65D08891033BBF1AEC0CA818EAEA8043205AC"
"01_SOURCE_CODE/UnityProject/Assets/Scripts/ManualBoxGrabExclusivityBootstrap.cs.meta","243","4B455F174F75DA1A6AD41CFF31B30997A1C256BD74654079DB48585D2B47D096"
"01_SOURCE_CODE/UnityProject/Assets/Scripts/ManualBoxGrabExclusivityGuard.cs","6415","DEF0BBF16F82F6EFFFCB5F1F136FD512C500A970B494915D074C38143816BEF8"
"01_SOURCE_CODE/UnityProject/Assets/Scripts/ManualBoxGrabExclusivityGuard.cs.meta","243","F6DB9BFCA5711E0A20FC319E88C553784D0327C47D02A8EB073AB94EBF229016"
"01_SOURCE_CODE/UnityProject/Assets/Scripts/MeasureWheel.cs","1134","E9B2C673D8F1D179048008653D1ED1952E75568DE4C01724A1DE479B6DC3D912"
"01_SOURCE_CODE/UnityProject/Assets/Scripts/MeasureWheel.cs.meta","59","5FDBBCC02BCECDFEFEB37C266E4180E8CC10862E303CEBDCD9B5AB993252549A"
"01_SOURCE_CODE/UnityProject/Assets/Scripts/PrintSize.cs","376","B3DCEAF947F228407022C62DD530238839775A1E288FDD1F576BC071D42278BF"
"01_SOURCE_CODE/UnityProject/Assets/Scripts/PrintSize.cs.meta","59","DEA30578E869C8594F3755E5C04639628EA746D1E26A06A8664661CD4156392D"
"01_SOURCE_CODE/UnityProject/Assets/Scripts/RobotMovementDebugger.cs","4206","57025D3FE6278EAFC4ED6B7522E1B552318D8AD023188F1F33852D6D0C9C6453"
"01_SOURCE_CODE/UnityProject/Assets/Scripts/RobotMovementDebugger.cs.meta","59","1838383A3826D7A5967D4FDA94B5FB4591C10B0DE39058A76571F6F1CC87E2EE"
"01_SOURCE_CODE/UnityProject/Assets/Scripts/RobotStateDumper.cs","5076","E8668C7833FCDBF2095244F46253188EA635DDE10EDFEBB2C42DBE2449C0CE60"
"01_SOURCE_CODE/UnityProject/Assets/Scripts/RobotStateDumper.cs.meta","59","35F67133E254FFE52D9FBF87110F9E912FB5E7B76D16E7092F95D5ADE302A0C1"
"01_SOURCE_CODE/UnityProject/Assets/Scripts/RoundManager.cs","13630","C839F313CE0CB83DE03032A4DF28F2BEFAD4715C5E75A7810F9786438125C90D"
"01_SOURCE_CODE/UnityProject/Assets/Scripts/RoundManager.cs.meta","59","FF63BEE48020CB2980F3ED5DC7F321C1FCF9EFED3F4BB1EC8DA6BA22B91487B5"
"01_SOURCE_CODE/UnityProject/Assets/Scripts/RuntimeProtocolInstructionNarrator.cs","9302","36992A0F29A6CFEF5598EC3579FA125F446E548BE60BADD17A2BFF8B98238B3B"
"01_SOURCE_CODE/UnityProject/Assets/Scripts/RuntimeProtocolInstructionNarrator.cs.meta","240","8E8951EFFF2710FA055DD410089D001D86FC8FE8A0948AFF64296F409B51EF19"
"01_SOURCE_CODE/UnityProject/Assets/Scripts/ScreenshotTaker.cs","1099","FF23681326511CBA835DBB08C772B34F58C3AAD248C9DD94FDDBAE14B9CDB8AD"
"01_SOURCE_CODE/UnityProject/Assets/Scripts/ScreenshotTaker.cs.meta","59","BFA229295274EDD94F168615DC4904B31513F4ED5A0C8F8EBF3EFF5B68AFFB1A"
"01_SOURCE_CODE/UnityProject/Assets/Scripts/SpawnManager.cs","13877","3B1D617E87D77B05D858D30BDE945F17A4FEC22E7E20755F9871B24A1AFCF4DC"
"01_SOURCE_CODE/UnityProject/Assets/Scripts/SpawnManager.cs.meta","59","6EF21DEF74CF07DEDA86BA6D1CFC7FC523C7B495F939EE52AF2BAF3403B5B06D"
"01_SOURCE_CODE/UnityProject/Assets/Scripts/TiagoAgentController.cs","15260","C288D653A7245C15A23CD55971E9F2F62E425E8A82D01E614BEDAD25DCE4AF5B"
"01_SOURCE_CODE/UnityProject/Assets/Scripts/TiagoAgentController.cs.meta","59","454B9E3438FC4C178122777D6DB449C695447E27CBE5B90CCA8231DFE25C113A"
"01_SOURCE_CODE/UnityProject/Assets/Scripts/TiagoMassProfile.cs","3928","0F52496EF6887E38F15D31E783ABC763FB7D9CA6E16D131A14BC3BD0C551BEA5"
"01_SOURCE_CODE/UnityProject/Assets/Scripts/TiagoMassProfile.cs.meta","59","8D14467318007AAE83992A3C03167F33CF657476DC72F6133C5C750F45522A8A"
"01_SOURCE_CODE/UnityProject/Assets/Scripts/WheelSpinTest.cs","805","E1B8B7C3F1B248D1563C93C41BBCF93F74A5BD7409B56755FEE508F842364716"
"01_SOURCE_CODE/UnityProject/Assets/Scripts/WheelSpinTest.cs.meta","59","E6CE8D6F6E69B748EF4FFBB9D06E7EC67A3844166966BAEA1B976B107F7FE85C"
"01_SOURCE_CODE/UnityProject/Assets/Tests.meta","172","4DA5E134CBFB1B1DABA84FB3E9499E915D735323BE920D0F1B12EA739CA83212"
"01_SOURCE_CODE/UnityProject/Assets/Tests/Autonomy.meta","172","0B09B1AB182512A060EBF649A35B71B38F286F0CD550500BAC88FBE4416937DC"
"01_SOURCE_CODE/UnityProject/Assets/Tests/P46J03R1.PlayModeTests.asmdef","489","5B538DB215844F74B8591DE03F57B2C9E6293126C017134D9809BFC4F13B6126"
"01_SOURCE_CODE/UnityProject/Assets/Tests/P46J03R1.PlayModeTests.asmdef.meta","166","02131E5385A2A5F514B4114AB3B622E9FB2933B4F87FD02C8132CFC07BC2531D"
"01_SOURCE_CODE/UnityProject/Assets/Tests/P46J03R1SavedExitResumePlayModeTests.cs","9540","712F262D23446DC124E31B8EFEB998370AD35D4A2F81BF713484CC9DF9C0DE0A"
"01_SOURCE_CODE/UnityProject/Assets/Tests/P46J03R1SavedExitResumePlayModeTests.cs.meta","59","F30CCEFA9EE8F706AF25A177304E464F4D02B896C4C9C6244880B6FBFCD5D2C7"
"01_SOURCE_CODE/UnityProject/Assets/Tests/P46O01StartSceneXrPoseAlignmentPlayModeTests.cs","8479","9A303F1A4CB5997DA8CCBB3ECF02CBCEC0B50C8836E73A81C72BF700FF89435A"
"01_SOURCE_CODE/UnityProject/Assets/Tests/P46O01StartSceneXrPoseAlignmentPlayModeTests.cs.meta","60","1F1B7C0875BAEF1839F314140CE63928E2B905EA68C7283D8BE466B24D94B98B"
"01_SOURCE_CODE/UnityProject/Assets/Tests/P46O02ExperimentalXrPoseAlignmentPlayModeTests.cs","12199","7CC27668A09151CDE285317AAF4852B4E646F73BD2BFC55E7B1D70896441769C"
"01_SOURCE_CODE/UnityProject/Assets/Tests/P46O02ExperimentalXrPoseAlignmentPlayModeTests.cs.meta","60","215CAC67F60FD1E90802DD3A01609305D0A51C5508A683076F33D6690F24200B"
"01_SOURCE_CODE/UnityProject/Assets/Tests/P46O03StartSceneManualRecenterPlayModeTests.cs","9817","688AED4CF609B62D84E0814683A241DD399E597FCC7986A5CBC7445A0AF8C0EB"
"01_SOURCE_CODE/UnityProject/Assets/Tests/P46O03StartSceneManualRecenterPlayModeTests.cs.meta","60","3EB6182D1FFCB56A71EC596264A533B488BB7D122599C4A159196088CA2DB5E8"
"01_SOURCE_CODE/UnityProject/Assets/Tests/P46O04ExperimentalLocomotionRecoveryPlayModeTests.cs","8643","9C91366114E2A7C0ACBE0448979FFB9C0F84AD0727EC7417BDADA230D71FB748"
"01_SOURCE_CODE/UnityProject/Assets/Tests/P46O04ExperimentalLocomotionRecoveryPlayModeTests.cs.meta","60","9411FC3A8398AD09FAC5D3E6EAC3D63F96EB4168D234DC0BFDAE2727528CAD27"
"01_SOURCE_CODE/UnityProject/Assets/Tests/P47ARuntimeSafetyPlayModeTests.cs","2845","DDCD5B2E9F13243E323D6B39289EEB075CA43A1AF60308609CF4611CAF4DAE02"
"01_SOURCE_CODE/UnityProject/Assets/Tests/P47ARuntimeSafetyPlayModeTests.cs.meta","59","A57768B3F6361E2053282453BACCE8F3BD9EEABE9B5C1B52717485EFFA06E21C"
"02_UNITY_CONFIGURATION/Packages/manifest.json","2351","4E215A78584CA2269479EA67D5D09C40F11D6ABE7AFE18C100CC95236CD5381E"
"02_UNITY_CONFIGURATION/Packages/packages-lock.json","16707","F8ABCF65040DD5627138940AA0CE1F9AD34205EA9C672AFEA338F66328EC2B8B"
"02_UNITY_CONFIGURATION/ProjectSettings/AudioManager.asset","413","AEEDEB3243F07B61DBBE854AA08B5EF6F0B5274DD9852AD9F6129DDE3E105A31"
"02_UNITY_CONFIGURATION/ProjectSettings/ClusterInputManager.asset","114","40E65DD214BF254955D2C8829CA8CE2130FD3510485560CE012E9A1DDD93E623"
"02_UNITY_CONFIGURATION/ProjectSettings/DynamicsManager.asset","1554","A05AFA6136680EB1341077D69AB041DCE60942C7D6BC2F511739DF6ACD74DF09"
"02_UNITY_CONFIGURATION/ProjectSettings/EditorBuildSettings.asset","1055","CD5EDB7944E3BEF06C3C088398107917F9E7F8DFCBAC69C692276DE2FA032CAC"
"02_UNITY_CONFIGURATION/ProjectSettings/EditorSettings.asset","1545","1EF9414984AE135D74E2D05DFBEB10A04CA7F8434B867C2B2053F46B78A365A6"
"02_UNITY_CONFIGURATION/ProjectSettings/GraphicsSettings.asset","2554","A2E5553AAF43A6811AA68D0F3EE26A31539ED7B5BE32283A7AA6DC78C4EE5AA3"
"02_UNITY_CONFIGURATION/ProjectSettings/InputManager.asset","9731","7A1BB836A1008D26D0860D143E9D9DF7CA41731D30A72901B518063819C62DF2"
"02_UNITY_CONFIGURATION/ProjectSettings/MemorySettings.asset","1192","1E8379A461B10AE09F3F696911088C16875D63E87ED5F2D95DF9E1892703F9FD"
"02_UNITY_CONFIGURATION/ProjectSettings/MultiplayerManager.asset","157","ABA89FD1A1DDAD182727AD82727E536D27372E90328A8196DA2A4560398983DD"
"02_UNITY_CONFIGURATION/ProjectSettings/NavMeshAreas.asset","1373","EEC450E5BC4E448EB0CE54876C74CCDE49126CEBF9F3E22F2137C68C48548FFA"
"02_UNITY_CONFIGURATION/ProjectSettings/PackageManagerSettings.asset","1003","A7DABBA589ABE7FC2B45BD3D3FBA3FE9BE97043492703F716DA2D9131C13A807"
"02_UNITY_CONFIGURATION/ProjectSettings/Physics2DSettings.asset","2028","E3CBDBF0BE15244B7B67D2F07BDB8E8981911C11A8C7FE8035F5261272FEC658"
"02_UNITY_CONFIGURATION/ProjectSettings/PresetManager.asset","146","29C125923FE6E29F90190D4FCE1C82D660E7051546E2C9D02908D18C9CF2436C"
"02_UNITY_CONFIGURATION/ProjectSettings/ProjectSettings.asset","25585","22E3FF9AEFEC79A7A3CB7F8BFC046F3988282F0EA2C581279368C2220D1A1950"
"02_UNITY_CONFIGURATION/ProjectSettings/ProjectVersion.txt","85","A054FABA9E0E1917DA9874D414FE7C957D831A409F690389F33F1541B0FC830D"
"02_UNITY_CONFIGURATION/ProjectSettings/QualitySettings.asset","2084","CABF49AA6C5345306097AEA53D209AF9737EFB8ACA1ACA8F2EF40F88C0947772"
"02_UNITY_CONFIGURATION/ProjectSettings/SceneTemplateSettings.json","3535","BB9098B3BFCDE78D93E264B96F7B77B5430E64E8C57A7AAD7F5A5D9C3945E16A"
"02_UNITY_CONFIGURATION/ProjectSettings/ShaderGraphSettings.asset","556","CDBA1E5D65BCF6E3269D76ED3E60B6C21F98322002996642C9D74F1EB89F6B91"
"02_UNITY_CONFIGURATION/ProjectSettings/TagManager.asset","630","55F14DF4CC722B87EF8BB454345284F78132F0AE2F4003470ADF239D092F331E"
"02_UNITY_CONFIGURATION/ProjectSettings/TimeManager.asset","202","1A83E54ADBBDA7C9F4851103A0C6AB7F6448A3343D4EA5B7620452FA08416ECD"
"02_UNITY_CONFIGURATION/ProjectSettings/URPProjectSettings.asset","411","596D5C8BF4F957B03684C949BEBC252AE1918F25415A1147A00684C4B086EFDA"
"02_UNITY_CONFIGURATION/ProjectSettings/VersionControlSettings.asset","188","E7BDA45BF7A394745FEE1316E6C71FA676004D591AD1F3AA247FD3E4CEB86071"
"02_UNITY_CONFIGURATION/ProjectSettings/VFXManager.asset","308","F066C6483919961332415EE64204F74FE52F38C02E82892EB02B7A5B2E381F0E"
"02_UNITY_CONFIGURATION/ProjectSettings/XRPackageSettings.asset","73","4CBC8F79D73D844F75EBE7C4D9DEAD01E72BD68E8ED901E926C7E58DD41D56E5"
"02_UNITY_CONFIGURATION/ProjectSettings/XRSettings.asset","158","EDD2BEB4A2E388312B4B7DA241AA51070434005D82C59363F1237DD2E567585F"
"03_ANALYSIS_PIPELINE/analysis/offline_experiment_analysis.py","71025","0C8F4DD324384F548A214E34B2E1ED9225A27112129F856986C81EC616161AD8"
"03_ANALYSIS_PIPELINE/analysis/README.md","7243","C8289A8112AADCA168C9297CEABB2891463AE0ED0106A12E69745ED668B92917"
"03_ANALYSIS_PIPELINE/analysis/requirements.txt","26","828506EDD6FD7C1CBCA8FD6E6FA4953766E7629DF0241E65418CB22E2B38A2CE"
"03_ANALYSIS_PIPELINE/analysis/src/__init__.py","72","08B34060B438825087E233CE1C05D053EB95CA29915DA61DC2FBFC9DBE833164"
"03_ANALYSIS_PIPELINE/analysis/src/condition_resolution.py","13334","A47280DD32F7FBAE90F80EE7DA0C535063204103C1BF21365B8E6AC155BEAA3D"
"03_ANALYSIS_PIPELINE/analysis/src/experiment_loader.py","22142","A898FE519509E1C3A13C444D2F534148703572AE4342A33436A6776BE8F0ECAD"
"03_ANALYSIS_PIPELINE/analysis/src/experiment_metrics.py","35295","E1DD7733A978961690FA14C13AA7B9F662783748BC0C0DEAAFC0E99E9C74891E"
"03_ANALYSIS_PIPELINE/analysis/src/experiment_plots.py","1497","2E9D173AD2592027545E993B0028DA4D605F7473FAB621FDF5D3B188EB570FD4"
"03_ANALYSIS_PIPELINE/analysis/src/questionnaire_code.py","6409","020D3592C3372AAD97E93781B78D9BED33A0D9F16E4396858D3B57686F029641"
"03_ANALYSIS_PIPELINE/analysis/tests/test_p47b_regressions.py","13517","D8AD95054B1B1FC44A5DB75EF80847545A8A25A36359314DE336799D665ACCCD"
"04_AGGREGATED_RESULTS/demographic/comment_completeness.csv","188","BACA9CCD752F1ABF83EDA759A415B68A6CF0397722639BBA43EA232C1F770B8C"
"04_AGGREGATED_RESULTS/demographic/demographic_descriptives.csv","4217","A3D7A5A7581BA3CED1C83C74787593606CAA856313CE6B57351F0969906363E1"
"04_AGGREGATED_RESULTS/objective/assumption_checks.csv","598","5097C4B6EC671583F48DA1AE29700E7A7D497E5E8A0CE3F3DB33A7D8A21A9D1F"
"04_AGGREGATED_RESULTS/objective/descriptive_statistics.csv","1161","365B448D4A19BC04C4DB993FAFC21F86B89D19213E92F07FEAA3ACF010709C93"
"04_AGGREGATED_RESULTS/objective/omnibus_results.csv","500","DC15A1AAC44EEE91FD0DAEFF7838202FAC66484D46AB24F26AD1A10CE1A50701"
"04_AGGREGATED_RESULTS/objective/pairwise_contrasts.csv","2115","168EE3025D250C366BA39F49CEC58DD7804D478E06F61572E1267FE4BFD7CAF7"
"04_AGGREGATED_RESULTS/questionnaire/assumption_checks.csv","593","854C53179E53C6BDD147A6E7D11DBE27F1AC933DD944B0DD36246A2BA9EB8ECA"
"04_AGGREGATED_RESULTS/questionnaire/descriptive_statistics.csv","1139","5225D08EED79736481A9D06EE71B8E38158EB5E77F2114792E58907AA055C890"
"04_AGGREGATED_RESULTS/questionnaire/omnibus_results.csv","497","2ED4C11C8E4F7BB82D319A42831BD555B8F758EBC72799913945AD0FD92B8492"
"04_AGGREGATED_RESULTS/questionnaire/pairwise_contrasts.csv","1650","2EA6063726623E3C6526BF0EF57280EB3C3BE2774C415A02C940F5157FDAA7D5"
"04_AGGREGATED_RESULTS/questionnaire/preference_frequencies.csv","456","6846529A422A247108C322F657BAC337923300FF8DC5A975BDDBBA660AC54AB2"
"04_AGGREGATED_RESULTS/questionnaire/tlx_dimension_descriptives.csv","3309","CFD51411825B99B3BD8334373F0FC8C1F4151ACB4CBB6836AC4B5424CFED0636"
"04_AGGREGATED_RESULTS/questionnaire/voice_descriptives.csv","630","1FEA27FAE657BFF0660A8B6C8BAEF8A11F9FC8B2805C4B610EE80236E2363F64"
"05_DOCUMENTATION/TESTING.md","610","85A0A6002DC047DA1946607458299E5267A27A8CAEFE475973DFB8693F8FB3AF"
"06_ARTIFACT_REFERENCE/FROZEN_ARTIFACT_REFERENCE.csv","288","5E065057EE074625E8B50977D1E3D826F5B89C8891A641C55DF5A2BBA161DDF8"
"EXCLUSIONS_AND_LIMITATIONS.md","1092","E48AFD022515A1AD6A801142C0D391474DD0968781D5749FB542FC5AC0C5D693"
"README.md","1015","04480B3CB578F8518A0D70FA3B7420EA9CCF1A8C4F46370239E1DB2D62FF038E"
